instance,batch,no_skill_primal,primal_skill_primal,no_skill_dual,dual_gurobi_strongest,dual_independent_certified,primal_method,dual_method,primal_evidence,dual_evidence,primal_row_tolerance,primal_integrality_tolerance,primal_max_row_violation,primal_max_integrality_violation,primal_max_bound_violation,dual_exact_closure,primal_outcome,primal_tolerance_accepted,primal_raw_outcome,dual_outcome,selected_primal,primal_source,selected_dual,dual_source,excluded_primal_candidates,gap,baseline_gap,gap_outcome,gap_reduction_pp,direct_gap,direct_gap_outcome,direct_gap_reduction_pp,copt_primal,copt_dual,copt_gap,copt_gap_outcome,copt_gap_reduction_pp,copt_result,copt_runtime_seconds,direct_feasibility_win,copt_feasibility_win,solver_primal,solver_dual,solver_primal_source,solver_dual_source,solver_gap,solver_feasibility_win,solver_gap_reduction_pp,solver_gap_outcome,ai_portfolio_primal_outcome,ai_portfolio_dual_outcome,ai_primal_skill_outcome,ai_dual_skill_outcome,solver_portfolio_primal_outcome,solver_portfolio_dual_outcome,solver_primal_skill_outcome,solver_dual_skill_outcome
graphdraw-grafo2,1,68609.5,68590.5,36415.8465747,53510.5,35762.0,center-free;center-free:compact-order-release;center-free:cost-connected;center-free:order-release;coordinate-aux-completion;geometry-VNS;local-branching;local-branching:pair-hamming;norel;norel:compact-geometry;primal-baseline;primal-baseline:component-placement,edge-disjoint star projections; exact per-component 61Z lattices; complete component-support accounting; globally valid component cuts in the full model; bound-focused branch-and-cut,numerical,"completed floating-point Gurobi global bound on a replay-validated global strengthening, followed by separately proved exact 0.5 objective-lattice rounding",1e-06,1e-06,0.0,0.0,0.0,false,win,False,win,win,68590.5,primal skill,53510.5,dual skill Gurobi,[],0.219855519350347351309583688703246076351681355289726711425051574197592961124353955722731282,0.469230258569148587294762387132977211610637010909567916979427047274794306910850538190775330,win,24.9374739218801235985178698429731135258955655619841205554375473077201345786496582468044048,0.714635712712801225416450121721053639322738586941655953390410022155967066932902978746683443,win,49.4780193362453874106866433017807562971057231651929241965358447958374105808549023023952161,109951.5,36314.1643,0.669725612656489452167546600091858683146660118324897795846350436328744946635562043264530270,win,44.9870093306142100857962911388612606794978763035171084421298862131151985511208087541798988,stop,36000.0,False,False,109951.5,36514.21542626445,COPT historical 10h,Gurobi 150 min,0.667906163842562857259791817301264648504113177173571984011132181007080394537591574466924053,False,44.8050644492215505950208128598018572152431821883845272586080606809487433413237618744192771,win,win,win,win,win,win,win,win,win
polygonpack4-10,1,-53594508.70758318,-53594508.707583256,-93676649.5393,-76521127.37712,unavailable,"['untouched-model incumbent transfer and primal warm start', 'matrix-backed minimal pair-slice representation', 'integer-fixed continuous recourse', 'fixed rotation core with free slice completion', 'constructed polygon insertion/drop rotation designs', 'constructed polygon selection envelopes with all candidate rotations free', 'connected geometry neighborhoods enlarged from 2 to 8 objects', 'binary-domain local branching', 'unrestricted NoRel primal restarts', 'bounded public-layout current kick and rotation-core crossover']","canonical one-hot slices; exhaustive triple conflicts; validated four-, five-, and six-polygon conflict-master separation",numerical,replay-validated numerical global lower bound from a valid conflict relaxation,1e-06,1e-06,9.569714620738523e-07,0.0,0.0,false,tie,False,tie,win,-53594508.707583256,primal skill,-76521127.37712,dual skill Gurobi,[],0.299611616495758239252274117880966189438506709904447036709678015014679893275277017914641155,0.427877609082306364544617491612960950098995958017365457225469379442729251198301455347276834,win,12.8265992586548125292343373731994760660489248112918420515791364428049357923024437432635679,0.446641543195051070686279339782693564600227027636027187413793158188762711837986852612983535,win,14.7029926699292831434005221901727375161720317731580150704115143174082818562709834698342380,-51836818.8,-93676573.4,0.446640532220833773580364543949042440102746115177607467866667292080946248616732601365625955,win,14.7028915725075534328090426068076250664239405273160431156989277066266355341455583450984800,stop,36000.0,False,False,-51836833.79437952,-93676573.4,Gurobi 150 min,COPT historical 10h,0.446640372155419596080144408868823974297932635524860050015450287595596446101432655520254117,False,14.7028755659661356827870290987857784859425925620413013305772272580916552826155637605612962,win,tie,win,tie,win,win,win,win,win
scpm1,1,537,537.0,415,416,414,"['diversification', 'local-branching', 'mixed_cost_compound_pivot', 'norel', 'primal-baseline', 'rins', 'row_weighted_cost_one']",exact nonnegative row aggregation and integer DP; exact rational LP-dual reduced-cost filtering; verified cutoff equivalence; complete bound-focused cutoff infeasibility,numerical+GMP explicit tolerances,numerical complete Gurobi cutoff infeasibility transferred through an independently verified exact reduced-cost cutoff map; exact 414 certificate tracked separately,1e-06,1e-06,0.0,0.0,0.0,false,tie,False,tie,win,537.0,primal skill,416,dual skill Gurobi,[],0.225325884543761638733705772811918063314711359404096834264432029795158286778398510242085661,0.227188081936685288640595903165735567970204841713221601489757914338919925512104283054003724,win,0.186219739292364990689013035381750465549348230912476722532588454376163873370577281191806292,0.296610169491525423728813559322033898305084745762711864406779661016949152542372881355932203,win,7.12842849477637849951077865101158349903733863586150301423476312217908657639743711138465424,630,415.555435,0.340388198412698412698412698412698412698412698412698412698412698412698412698412698412698413,win,11.5062313868936773964706925600780349383701339008601578433980668617540125920014188170612752,stop,36000.0,False,False,590.0,415.555435,Gurobi 150 min,COPT historical 10h,0.295668754237288135593220338983050847457627118644067796610169491525423728813559322033898305,False,7.03428696935264968595145661711327841429157592399709623457374617302654420351608117918126440,win,tie,win,tie,win,win,win,win,win
ger50-17-trans-dfn-3t,1,3969.433399999997,3969.4334,3917.155362335,3934.3152,unavailable,LP_guided_primal_dictionary_selection;diversification;norel;semantic_capacity_LNS:LP_guided_global_dictionary;semantic_capacity_LNS:compact_global_dictionary;semantic_capacity_LNS:diverse_capacity;semantic_capacity_LNS:fixed_integer_continuous_recourse;semantic_capacity_LNS:high_cost;semantic_capacity_LNS:physical_coupling;semantic_capacity_LNS:recombination,rounded multicommodity balance/capacity cuts; full-model branch-and-cut; exact 1/5000 objective lattice; public feasible cutoff after validation,numerical,global numerical Gurobi bound on replay-validated strengthening with exact objective-lattice rounding,1e-06,1e-06,6.718182703480124e-07,0.0,2.948409230149272e-10,false,tie,False,tie,win,3969.4334,primal skill,3934.3152,dual skill Gurobi,[],0.00884715687634411500643895423462703770266053588403826097699485271625920213197178216921336934,0.0131701511014133753977213232095356967480471214373039346475404554997204242351985296342981106,win,0.432299422506926039128236897490865904538658555326567367054560278346122210322674746508474126,0.0177552412585750369010346681335467158753752941913688807220839637582818074725931925398995404,win,0.890808438223092189459571389891967817271475830733061974508911104202260534062141037068617110,4352.9664,3831.36744,0.119826093764472889108447976993344125054583467494718084660612128777286220265793919291451457,win,11.0978936888128774102009022758717087351922931610679823683617276061027018133822137122238088,stop,36000.0,False,False,4002.3268,3931.2645220703394,Gurobi 150 min,Gurobi 150 min,0.0177552412585750369010346681335467158753752941913688807220839637582818074725931925398995404,False,0.890808438223092189459571389891967817271475830733061974508911104202260534062141037068617106,win,tie,win,tie,win,win,win,win,win
eva1aprime6x6opt,2,-18.100995280293148,-18.100996765491708,-239.4227696265,-96.70380539695806,unavailable,active_core_exchange;component_insert_eject_recourse;equilibrium_connected;fixed_integer_recourse;packing_connected;parent_union_equilibrium_extension;parent_union_recombination;public_design_crossover;public_pattern_lp_completion;public_pattern_lp_completion_1;public_pattern_lp_completion_2;public_pattern_lp_completion_3;recourse_connected;warm_primal_baseline;whole_core_norel;whole_core_primal,exact binary-alias extraction; integral set-packing conflict graph; 6676 maximal-clique cuts; generic-cut suppression; objective-support priority branching; targeted indicator diagnostics,numerical,global numerical Gurobi bound on a replay-validated clique-cut strengthening with objective-priority branching,1e-06,1e-06,8.13215095263331e-09,0.0,0.0,false,win,False,win,win,-18.100996765491708,primal skill,-96.70380539695806,dual skill Gurobi,[],0.812820222625271190703449995214443264074927743667883474010352455632847841879113737173839813,0.924397352396638227517559745791131583069511919340264511489816925271755153400825451126508586,win,11.1577129771367036814109750576688318994584175672381037479464469638907311521711713952668773,0.908988524788594700656680218828801122241651493100705676432998445383572746540534252016751162,win,9.61683021633235099532302236143578581667237494328222024226459897507249046614205148429113493,1.71485284,-140.895641,1.01217108512249857325252525023112673869023385897367825595115465637435866450971325649457104,win,19.9350862497227382549075255016683474615306115305794781940802200741510822630599519320731229,stop,36000.0,False,False,-13.360636598750812,-140.895641,Gurobi 150 min,COPT historical 10h,0.905173527698058366475652713769902931205657384389911679382614824826269820512048346477943913,False,9.23533050727871757722027185554596671307296407220282053722623691934219786329346093041041000,win,win,win,win,win,win,win,win,win
cmflsp60-36-2-6,2,73891245.64760005,73891245.26398355,73188341.59842,73054818.85442139,unavailable,DP_partial_core_repair;continuous_interval_path_column_master;coupled_period_setup_window;full_interval_arc_difference_flow_reformulation;integer_fixed_continuous_recourse;integer_fixed_continuous_recourse_gap0;unrestricted_primal_NoRel_restart;verified_setup_design_crossover;verified_transfer_primal_pilot;whole_family_horizon_release,"original-model branch-and-cut; capacity Lagrangian probe; exact activation-prefix, family-activation, and active-period OR extensions",numerical,replay-validated numerical global lower bound on an exact active-period extension,1e-06,1e-06,9.799181301950455e-07,0.0,0.0,false,win,False,win,loss,73891245.26398355,primal skill,73054818.85442139,dual skill Gurobi,[],0.0113196956767198407651656712426059375132192367875546547433424138655145237059174392792103905,0.00951268371536621896538149857548067099754224858382193912153575208803818193885986052184203126,loss,-0.180701196135362179978417266712526651567698820373271562180666177747634176705757875736835926,0.00741642374984795532405042210541920960366170390915297946911749146735195117828744686790768525,loss,-0.390327192687188544111524913718672790955753287840167527422492239816257252762999241130270525,74492812.1,72075510.1,0.0324501375616614693486648492358365405297942833332774666456711734205024057616426055152239312,win,2.11304418849416285834991779932306030165750465457228119023287595549878820557251662360135407,stop,36000.0,False,False,73891245.6476,73343236.85847329,Gurobi 150 min,Gurobi 150 min,0.00741642374984795532405042210541920960366170390915297946911749146735195117828744686790768525,False,-0.390327192687188544111524913718672790955753287840167527422492239816257252762999241130270525,loss,win,loss,win,loss,win,loss,win,loss
r4l4-02-tree-bounds-50,2,499110528,499061405.0,480648435.4129,483755247.8932753,476622475,accepted_new_integer_pattern_full_continuous_recourse;all_original_chord_L1_period_deviation_with_continuous_recourse;coefficient_proved_phase_propagation_with_tree_lift;finite_choice_all_event_binary_selection_with_original_tree_lift;fixed_shift_all_event_binary_selection_with_original_tree_lift;full_original_diversification;full_original_norel;full_original_rins;integer_pattern_continuous_recourse;native_integer_row_graph_joint_lns;new_pattern_incumbent_transfer_full_original_rins;pesp_connected_event_incident_chord_lns;pesp_verified_chord_pattern_recombination;precise_fixed_period_pattern_continuous_recourse;warm_original_primal_baseline,exact spanning-tree elimination of PESP potentials; bound-focused branch-and-cut on the exact projection; exact edge-disjoint cycle-congruence packing with independent integer replay,numerical,numerical Gurobi bound on an independently verified exact-equivalent fixed-tree PESP projection; exact cycle-congruence certificate tracked separately,1e-06,1e-06,0.0,0.0,0.0,false,win,False,win,win,499061405.0,primal skill,483755247.8932753,dual skill Gurobi,[],0.0306698874194142502364012701002194309135165441214593623003165311891830224779654118915486963,0.0369899882919320026845837241085004722641314430458176991209450104005820530397627677370892886,win,0.632010087251775244818245400828104135061489892435833682062847921139903056179735584554059230,0.0466914023470165408141536839901995544865596966483286195674579048285105649502735445302159530,win,1.60215149276022905777524138899801235730431525268692572671413736393275424723081326386672567,512613056,478217938,0.0670976238264208393474863035872422258398350275339065885984768987233910796060566978613982083,win,3.64277364070065891110850334870227949263184834124472262981603675342080571280912859698495120,stop,36000.0,False,False,502956319.0,479472583.1465966,Gurobi 150 min,Gurobi 150 min,0.0466914023470165408141536839901995544865596966483286195674579048285105649502735445302159530,False,1.60215149276022905777524138899801235730431525268692572671413736393275424723081326386672567,win,win,win,win,win,win,win,win,win
sct1,2,-187.52764944960393,-187.52765083903063,-200.2450490980,-199.81870652161473,unavailable,LP_selected_group_repair;bounded_original_primal_baseline;bounded_worsening_diverse_center;coupled_resource_groups;distinct_verified_pattern_coherent_crossover;enlarged_selector_bridge_groups;fixed_integer_recourse;full_original_primal_diversification;high_degree_gate_and_assignment_groups;objective_penalty_completion_groups;original_active_choice_alternation_exchange;original_binary_hamming_local_branching_repair;original_reward_choice_insertion_exchange;penalty_gate_ejection;tight_resource_groups;verified_solution_crossover;verified_solution_crossover__full_core_fallback,exact activation-integrality strengthening for 818 variables; full-model branch-and-cut; validated public start/cutoff; group-OR diagnostic,numerical,global numerical Gurobi bound on an independently replayed optimal-value-preserving strengthening,1e-06,1e-06,7.677366085090398e-07,9.099498705644748e-07,1.877819929746498e-07,false,win,False,win,win,-187.52765083903063,primal skill,-199.81870652161473,dual skill Gurobi,[],0.0615110361614444519555036843409043679750080062218777059177679808149896260690628546317621421,0.0635091839008322746482408016213794201778482764014348684978442732295032234405390172859014172,win,0.199814773938782269273711728047505220284027017955716258007629241451359737147616265413927513,0.0608077479734188338521423282042790608025889647273468091788459865896069523848312711804040444,loss,-0.0703288188025618103361356136625307172419041494530896738921994225382673684231583451358097668,-170.822429,-202.560756,0.156685468729194513867236948898433218722781623109660984875076196891761205709560049232833629,win,9.51744325677500619117332645575288507477736168877832789573082160767715796404971946010714874,stop,36000.0,False,False,-187.85043796133093,-200.01276368708199,Gurobi 150 min,Gurobi 150 min,0.0608077479734188338521423282042790608025889647273468091788459865896069523848312711804040444,False,-0.0703288188025618103361356136625307172419041494530896738921994225382673684231583451358097700,loss,win,win,win,win,loss,win,loss,win
shipsched,3,111919.9869111547,111919.99954622652,81014.60455187,85777.6824670317,0,canal_event_corridor;checked_parent_whole_pair_recombination;multi_ship_expanded_order_star;multi_ship_order_star;pair_state_anchor_recourse;post_pilot_full_core_norel;public_pattern_original_recourse_1;public_pattern_original_recourse_2;public_pattern_original_recourse_4;temporal_pair_conflict_search;warm_primal_baseline;whole_core_norel,exact event-chain tight-M reformulation; triangle and fixing cuts; indicator representation; exact zero-offset core projection; measured full-model branch-and-cut fallback; validated public cutoff/start diagnostic,numerical,"global numerical Gurobi bound on the untouched original model, kept separate from an exact objective-domain floor",1e-06,1e-06,7.748894859105349e-10,1.7915711961729536e-09,0.0,false,loss,False,loss,win,111919.99954622652,primal skill,85777.6824670317,dual skill Gurobi,[],0.233580389431624429701067186548147042117243306408578119690196526301617223229059837496312720,0.276138187755671202254597605213002755391946156173374768432293807484070499526277542826751634,win,4.25577983240467725535304186648557132747028497647966487420972811824532762972177053304389143,0.324726314274622851949768671513549239920687376074025115664243225380039656311962987442167878,win,9.11459248429984222487014849654021978034440696654469959740466990784224330829031499458551584,130497.996,67029.7019,0.486354549843048930805037036737330433794554209092988677006197091333111352913036304404245411,win,25.2774160411424501103969850189183391677310902684410557316000565031494129683976466907932691,stop,36000.0,False,False,121040.0,81735.12692019965,Gurobi 150 min,Gurobi 150 min,0.324726314274622851949768671513549239920687376074025115664243225380039656311962987442167878,False,9.11459248429984222487014849654021978034440696654469959740466990784224330829031499458551580,win,loss,win,loss,win,win,win,win,win
rocII-8-11,3,-8.739844934961763,-8.739844934961763,-11.8377922287,-11.82,-12,configuration_marginal_extension;control_beam_fixed_configuration_original_recourse;coupled_confidence_period_configuration_window;public_ID2_integer_core_continuous_repair;unrestricted_confidence_control_NoRel_restart;unrestricted_primal_NoRel_waiting_structure;verified_public_transfer_primal_pilot,exact objective-cardinality certificate; exhaustive P#0#10 split; ordered confidence-endpoint hull; successive cutoff exclusion,numerical,replay-validated numerical global lower bound over an exhaustive binary split,1e-06,1e-06,4.440892098500626e-15,0.0,0.0,false,tie,False,tie,win,-8.739844934961763,primal skill,-11.82,dual skill Gurobi,[],0.260588414977854230118443316412859560067681895093062605752961082910321489001692047377326565,0.261699752275382407007999761887221405511472456985749461331901945345384096925394282410294725,win,0.111133729752817688955644547436184544379056189268685557894086243506260792370223503296815986,0.346698278376186838066466505027003479594308986546789458802796046174177869731597402737401093,win,8.61098633983326079480231886141439195266270914537268530498349632638563807299053553600745281,-4.72446527,-11.889881,0.602648229195901960667226190068681091089137056964657594134037169926259144225244979323174050,win,34.2059814218047730548782873655821531021455161871594988381076087015937655223552931945847485,stop,36000.0,False,False,-7.723856420472524,-11.822801264436444,Gurobi 150 min,Gurobi 150 min,0.346698278376186838066466505027003479594308986546789458802796046174177869731597402737401093,False,8.61098633983326079480231886141439195266270914537268530498349632638563807299053553600745280,win,tie,win,tie,win,win,win,win,win
ns1856153,3,34.16347439886857,34.01697312588409,0.003362513402564,32.6971654879775,11.224893917963225,coupled_flow_tree_placement_master;dependency_closed_multi_coordinate_LNS;full_original_RINS_diversification;integer_pattern_continuous_recourse;matrix_proved_compact_gate_core;perspective_forest_tree_placement_master;spanning_tree_exchange_original_LP;warm_original_primal_baseline,"exact projection from staged Boolean connectivity to undirected cutsets; branch-and-cut on the all-cutset model; exact cluster contraction, spanning-tree enumeration, and matching certificate",numerical,numerical Gurobi bound on an independently verified exact-equivalent all-cutset connectivity projection; exact 7936/707 combinatorial certificate tracked separately,1e-06,1e-06,1.7763568394002505e-15,0.0,0.0,false,win,False,win,win,34.01697312588409,primal skill,32.6971654879775,dual skill Gurobi,[],0.0387985031185013358350637834418308039774162535665526256132568964194569475071283934901372227,0.999901575777589080339031255356392853686095919051080457603924616114185635299730318218078366,win,96.1103072659087744503967471914562049708679665484527831990667719694728687792601924727941143,0.998191817268264330004337081751480635480561324563645013716547302319707601628199741844877912,win,95.9393314149762994169273298309649831503145070997092388103290405900250654121071348354740689,49.1310069,0,1,win,96.1201496881498664164936216558169196022583746433447374386743103580543052492871606509862777,stop,36000.0,False,False,34.943478676096305,0.06318419472889095,Gurobi 150 min,Gurobi 150 min,0.998191817268264330004337081751480635480561324563645013716547302319707601628199741844877912,False,95.9393314149762994169273298309649831503145070997092388103290405900250654121071348354740689,win,win,win,win,win,win,win,win,win
dc1l,3,1758647.6800999984,1758647.6800999984,1749186.534225,1748926.03079,unavailable,bounded_full_original_primal_baseline;crew_cover_connected_replacement;fixed_crew_original_continuous_recourse;forced_crew_cover_original_repair;original_full_norel_crew_diversification;original_full_rins_crew_recombination,exact slack-substitution cover projection; duplicate-column aggregation; sign-valid Lagrangian relaxation; exact 1/100000 objective lattice; validated public cutoff/start,numerical,numerical Gurobi bound on replayed Lagrangian relaxation with exact original-objective lattice rounding,1e-06,1e-06,0.0,0.0,0.0,false,tie,False,tie,loss,1758647.6800999984,primal skill,1748926.03079,dual skill Gurobi,[],0.00552791182679956548316656940120497365702637185536514855360822113550160522180523177922017428,0.00537978469596618132067185589658465730060893652410856239374084429140789902626208584883370923,loss,-0.0148127130833384162494713504620316356417435331256586159867376844093706195543145930386465052,0.00609564813423939372473937292038058967788691229319515357186504967690745119005198025396995492,win,0.0567736307439828241572803519175616020860540437830005018256828541405845968246748474749780637,1760000.09,1751049.95,0.00508530655813773282250229884931426338733880405653842892701215714142378254082930188941069884,loss,-0.0442605268661832660664270551890710269687567798826719626596063994077822680975929889809475445,stop,36000.0,False,False,1760000.09,1751049.95,COPT historical 10h,COPT historical 10h,0.00508530655813773282250229884931426338733880405653842892701215714142378254082930188941069884,False,-0.0442605268661832660664270551890710269687567798826719626596063994077822680975929889809475440,loss,tie,loss,tie,loss,win,loss,win,loss
neos-5221106-oparau,4,52.669999994631496,52.66999999999962,0.0,24.71937119987213,15.11,bottleneck_complete_route_refit;bottleneck_pair_route_exchange;diverse_verified_pool_whole_core_norel;initial_whole_core_norel;whole_core_norel_route_escape;whole_core_primal;whole_core_rins,exact tight-M/service equivalence; route-cost projection; size-2/3/4 subtour cuts; customer-count and demand flows; cheapest-mode aggregation; exact assignment dual; strengthened full-model branch-and-cut,numerical,"global numerical Gurobi bound on an original-equivalent replayed full formulation, kept separate from an exact assignment-dual/lattice certificate",1e-06,1e-06,4.547473508864641e-13,0.0,0.0,false,tie,False,tie,win,52.66999999999962,primal skill,24.71937119987213,dual skill Gurobi,[],0.530674554777438611284048137966058248306292521399930821931994151769742437018752088515778757,1,win,46.9325445222561388715951862033941751693707478600069178068005848230257562981247911484221243,1,win,46.9325445222561388715951862033941751693707478600069178068005848230257562981247911484221243,,0,,win,,stop,36000.0,False,True,61.95999976028899,0.0,Gurobi 150 min,Gurobi 150 min,1,False,46.9325445222561388715951862033941751693707478600069178068005848230257562981247911484221243,win,tie,win,tie,win,win,win,win,win
zeil,4,1081.3585000000078,1081.3584999996644,815.3797428765,817.284526478749,813.5094878037870948029898319960691,fixed_initial_best_integer_continuous_recourse;matrix_exact_positive_part_projection_benders;matrix_exact_positive_part_projection_benders_feasible_incumbent_search;original_NoRel_fallback;original_NoRel_primal_pilot;public_timetable_integer_crossover_difference;public_timetable_recombination_union;semantic_timetable_choice_group_destroy;tight_peak_interval_precedence_connected_LNS;unrestricted_original_NoRel_diversification,cumulative-chain SOS equivalence; continuous and explicit-binary representation probes; exact LP-dual certificates; exact weighted-window closure/min-cut relaxation; bound-focused branch-and-cut,numerical,replay-validated numerical global lower bound on an equivalent chain-SOS formulation,1e-06,1e-06,8.362066594713724e-11,0.0,0.0,false,tie,False,tie,win,1081.3584999996644,primal skill,817.284526478749,dual skill Gurobi,[],0.244205759256525338685372602983804918577475800052133127800352515726921088893533416269842675,0.245967232072902632619607494979200299495069546535828717726394179669371197549562498380194092,win,0.176147281637729393423489199539538091759374648369558992604166394245010865602908211035141742,0.358420297698405378960145380266194089808425801275881264042403805119902353154660336525021046,win,11.4214538441880040274772777282389171230950001223748136242051289392981264261126920255178371,1363.5585,834.502247,0.387996740147195738209985123483884263124757757001258105171138605347698686928356942514750926,win,14.3790980890670399524612520500079344547281956949124977370786089620777598034823526244908251,stop,36000.0,False,False,1282.556499999999,834.502247,Gurobi 150 min,COPT historical 10h,0.349344651093343138758137433589193737770954799413310658013740067833781992247567911263162479,False,10.5138891836817800072764830605388819193478999361177530213387552106860903354034494993319804,win,tie,win,tie,win,win,loss,win,loss
cdma,4,-22966095679999980,-24778478399999984,-31763448000000000,-2.700669263025124e+16,-6.382890200999861e+16,all_original_binary_local_branching_radius_2;all_original_binary_local_branching_radius_32;all_original_binary_local_branching_radius_8;all_original_binary_local_branching_radius_96;cold_original_NoRel_and_primal_search;cold_original_feasibility;external_ID4_rounded_integer_pattern_original_continuous_recourse;full_original_diversification_seed_route;full_original_norel_seed_route;objective_guided_row_closure_LNS_width_1800;objective_guided_row_closure_LNS_width_800;original_row_coupled_binary_LNS;public_diff_closure1000;public_diff_closure2500;public_diff_closure400;public_diff_exact;public_lb16;public_lb192;public_lb64;unrestricted_original_RINS_diversification;unrestricted_original_partition_12_buckets;verified_diverse_253a3665c1b5_181c54207732_closure2000;verified_diverse_253a3665c1b5_181c54207732_closure800;verified_diverse_253a3665c1b5_181c54207732_diff;verified_diverse_253a3665c1b5_181c54207732_lb24;verified_diverse_253a3665c1b5_181c54207732_lb96;verified_diverse_cdaecf089b46_181c54207732_closure2000;verified_diverse_cdaecf089b46_181c54207732_closure800;verified_diverse_cdaecf089b46_181c54207732_diff;verified_diverse_cdaecf089b46_181c54207732_lb24;verified_diverse_cdaecf089b46_181c54207732_lb96;verified_diverse_cfab57f2018e_181c54207732_closure2000;verified_diverse_cfab57f2018e_181c54207732_closure800;verified_diverse_cfab57f2018e_181c54207732_diff;verified_diverse_cfab57f2018e_181c54207732_lb24;verified_diverse_cfab57f2018e_181c54207732_lb96,full original-model baseline; binary and normalized continuous projections; full-feasible-set conservative objective scaling; bound-focused Gurobi trees; exact rational LP-Lagrangian certificate,numerical,numerical Gurobi global bound transferred through an independently verified pointwise objective lower estimator on the identical full feasible set; exact LP-Lagrangian certificate tracked separately,1e-06,1e-06,5.093170329928398e-11,0.0,0.0,false,win,False,win,win,-24778478399999984,primal skill,-2.700669263025124e+16,dual skill Gurobi,[],0.0825060017810306449254587551015101008452620954002258495416381260736834933647055677667795700,0.276964651948365933068727299378833179571688816654917312503352910553035677990626206575558170,win,19.4458650167335288143268544277323078726426721254691462961714784479352184625920638808778600,0.276964249808983940394978457874198189684617818896055497986674077469989273207648289312648882,win,19.4458248027953295469519702772688088839355723495829648445035951396305779842942721545869312,,,,win,,abort,0.1,False,True,-2.296610845333332E+16,-31763447999999988,Gurobi 150 min,Gurobi 150 min,0.276964249808983940394978457874198189684617818896055497986674077469989273207648289312648882,False,19.4458248027953295469519702772688088839355723495829648445035951396305779842942721545869312,win,win,win,win,win,win,win,win,win
ns1456591,4,988.1412834399998,988.1403051801293,473.415027263,988.14128344,988.14128344,clean_fixed_integer_original_continuous_recourse;initial_original_primal_baseline;matrix_proved_multi_route_block_exchange;unrestricted_original_norel_diversification;unrestricted_original_rins_transfer,exact 20-layer symmetry canonicalization; metric route projection; exact reverse/forward Held-Karp route enumeration; exact set-partition DP; integer route-master dual; exact lift to untouched MPS,numerical,exact scaled-integer route-projection dual certificate with matching route partition lifted to the untouched original MPS,1e-06,1e-06,9.89999999978508e-07,9.89999999978508e-07,0.0,true,win,True,win,win,988.14128344,dual skill exact feasible lift,988.14128344,dual skill Gurobi,"[[""988.1403051801293"", ""primal skill""]]",0,0.520903503176278450035305444515220817339732321875556378632972840294506425216307081267962698,win,52.0903503176278450035305444515220817339732321875556378632972840294506425216307081267962698,0.543088369957609565359581062056225079964974169020645362641257993572142605192679325522605067,win,54.3088369957609565359581062056225079964974169020645362641257993572142605192679325522605067,1307.35364,459.574181,0.648469880727910774012148694518493098776242363925341577815165604311928943724821082075390099,win,64.8469880727910774012148694518493098776242363925341577815165604311928943724821082075390099,stop,36000.0,False,False,988.1412834399999,459.574181,Gurobi 150 min,COPT historical 10h,0.534910453897754369782801056264546851772111429611180558460913443483014494151863070045045031,False,53.4910453897754369782801056264546851772111429611180558460913443483014494151863070045045031,win,tie,win,win,win,tie,win,win,win
seqsolve1,5,4279,4277.0,4272,4275.0,3737.0,active_pairday_integer_hour_recourse;fixed_z_active_pair_weekday_recourse;mapping_failed_whole_core_diversification;mapping_failed_whole_core_rins;shortage_site_complete_person_block_11;shortage_site_complete_person_block_13;shortage_site_complete_person_block_14;shortage_site_complete_person_block_15;shortage_site_complete_person_block_16;shortage_site_complete_person_block_17;shortage_site_complete_person_block_2;shortage_site_complete_person_block_24;shortage_site_complete_person_block_27;shortage_site_complete_person_block_3;shortage_site_complete_person_block_32;shortage_site_complete_person_block_4;shortage_site_complete_person_block_8;verified_public_integer_difference_crossover;whole_core_diversification;whole_core_norel;whole_core_norel_between_person_blocks;whole_core_primal_baseline;whole_core_rins,fixed original baseline; exact capacity max-flow/min-cut relaxation; person-z packing; odd-capacity pairday CG and tight-M; person/site day-subset Hall packing; integer-target cutoff exclusion,numerical,numerical_solver_dual_plus_independently_replayed_exact_equivalence_mapping_and_exact_objective_lattice_rounding,1e-06,1e-06,0.0,0.0,0.0,false,win,False,win,win,4277.0,primal skill,4275.0,dual skill Gurobi,[],0.000467617488894084638765489829319616553659106850596212298339957914425999532382511105915361235,0.00163589623743865389109605047908389810703435382098621173171301706006076186024772143024071045,win,0.116827874854456925233056064976428155337524697038999943337305914563476232786521032432534922,0.000467617488894084638765489829319616553659106850596212298339957914425999532382511105915361235,tie,-4.89829319616553659106850596212298339957914425999532382511105915361234510170680383446340893E-92,4371,4268.52039,0.0234453466026080988332189430336307481125600549073438572409059711736444749485243651338366507,win,2.29777291137140141944534532043111315589009480567476449425660132592184754161418540279212894,stop,36000.0,False,False,4277.0,4275.0,Gurobi 150 min,Gurobi 150 min,0.000467617488894084638765489829319616553659106850596212298339957914425999532382511105915361235,False,0E-93,tie,win,win,win,win,tie,tie,tie,tie
stockholm,5,129,122.0,106,106.0,87,active_toll_incident_cluster_destroy;all_public_signature_union;incident_expansion_of_public_differences;matrix_backed_toll_support_combinatorial_benders;matrix_backed_toll_support_local_benders_continuation;official4_positive_support_fixed_continuous_recourse;official4_rounded_binary_fixed_continuous_recourse;original_NoRel_fallback;original_NoRel_primal_pilot;public1_signature_difference;public2_signature_difference;public3_signature_difference;public4_signature_difference;unrestricted_original_NoRel_diversification,original-model cut-focused branch-and-cut; exact same-OD path-cover replay; disjoint packing; iterative integer/fractional cover separation; exact rational cover-LP dual weighting; equivalent full-model strengthening,numerical,replay-validated numerical global lower bound on an untouched/equivalent full model,1e-06,1e-06,1.9761969838327786e-13,0.0,0.0,false,win,False,win,tie,122.0,primal skill,106.0,dual skill Gurobi,[],0.131147540983606557377049180327868852459016393442622950819672131147540983606557377049180328,0.178294573643410852713178294573643410852713178294573643410852713178294573643410852713178295,win,4.71470326598042953361291142457745583936967848519506925911805820307535900368534756639979671,0.176923075787815658789175775201686077023610388140309711574732003425781905170067692731619486,win,4.57755348042091014121265948738172245645939946976867607550598722782409215635103156824391583,137,93.5364881,0.317251911678832116788321167883211678832116788321167883211678832116788321167883211678832117,win,18.6104370695225559411271987555342826373100394878544932392006700969247337561325834629651789,stop,36000.0,False,False,129.99999982069238,107.0,Gurobi 150 min,Gurobi 150 min,0.176923075787815658789175775201686077023610388140309711574732003425781905170067692731619486,False,4.57755348042091014121265948738172245645939946976867607550598722782409215635103156824391580,win,win,tie,win,tie,win,loss,win,loss
supportcase22,5,110,110.0,1.4000000000000001,6.4,6.0,degree_completion_high12p5;degree_completion_high25;degree_completion_high50;degree_completion_high75;full_original_NoRel;full_original_RINS;full_original_diversification;full_original_primal_baseline;majority_defect_closure_d10;majority_defect_closure_d100;majority_defect_closure_d1000;majority_defect_closure_d25;majority_defect_closure_d50;majority_repair_full_dictionary;majority_repair_public_varying274;majority_repair_varying_plus_violation337;post_degree_full_original_NoRel;post_degree_full_original_RINS;post_repair_full_original_NoRel;post_repair_full_original_RINS;post_repair_full_original_diversification;weighted_boolean_repair_seed0;weighted_boolean_repair_seed1;weighted_boolean_repair_seed2;weighted_boolean_repair_seed3;weighted_boolean_repair_seed4;weighted_boolean_repair_seed5;weighted_boolean_repair_seed6;weighted_boolean_repair_seed7,fixed original baseline; objective-support lattice lifting; complete objective cutoffs; exact interval propagation with equality substitution; exhaustive 140-way 27/5-cost branch certificate; exact objective-support pattern shells,numerical,global_numerical_solver_cutoff_exclusion_plus_exact_objective_support,1e-06,1e-06,0.0,0.0,0.0,false,tie,False,tie,win,110.0,primal skill,6.4,dual skill Gurobi,[],0.941818181818181818181818181818181818181818181818181818181818181818181818181818181818181818,0.987272727272727271818181818181818181818181818181818181818181818181818181818181818181818182,win,4.54545454545454536363636363636363636363636363636363636363636363636363636363636363636363638,,win,,,0.88353308,,win,,stop,36000.0,True,True,,1.4000000000000001,,Gurobi 150 min,,True,,win,tie,win,tie,win,win,win,win,win
neos-3682128-sandon,5,34666770,34666770.0,21672926.242906883,34666770,34666770,sandon_active_penalty_two_hop;sandon_anonymous_block_00_one_hop;sandon_anonymous_block_01_one_hop;sandon_anonymous_block_02_one_hop;sandon_anonymous_block_03_one_hop;sandon_anonymous_block_04_one_hop;sandon_anonymous_block_05_one_hop;sandon_anonymous_block_06_one_hop;sandon_anonymous_block_07_one_hop;sandon_anonymous_block_08_one_hop;sandon_changed_y_two_hop;sandon_named_core_one_hop;sandon_public_difference_one_hop;sandon_public_equal_objective_difference;sandon_y_block_00_one_hop;sandon_y_block_01_one_hop;sandon_y_block_02_one_hop;sandon_y_block_03_one_hop;sandon_y_block_04_one_hop;sandon_y_block_05_one_hop;sandon_y_block_06_one_hop;sandon_y_block_07_one_hop;whole_core_diversification;whole_core_diversification_escape;whole_core_norel;whole_core_primal_baseline;whole_core_primal_escape;whole_core_rins;whole_core_rins_escape,objective-lattice rounding; exact setup and assignment relaxations; deadline/machine finite-state DP; sequence decomposition; forced machine-4 prefix; fixed-sequence aggregate start cuts,numerical,exact rational structural certificate and exhaustive finite-state DP with an independently exact-checked feasible original-MPS solution,1e-06,1e-06,0.0,0.0,0.0,true,tie,False,tie,win,34666770.0,primal skill; dual skill exact feasible lift,34666770,dual skill Gurobi,[],0,0.374821298814199217290794613977592951405625617846716033827206861210317546168852765919640047,win,37.4821298814199217290794613977592951405625617846716033827206861210317546168852765919640047,0.328818722629724840501373782477296470591383659665244880589343336206786279810927004141573079,win,32.8818722629724840501373782477296470591383659665244880589343336206786279810927004141573079,34666770,21531270.9,0.378907498448802700684257575770687606604249545025394635842912391318833568861477432134577291,win,37.8907498448802700684257575770687606604249545025394635842912391318833568861477432134577291,stop,36000.0,False,False,34666765.52061766,23267683.964423973,Gurobi 150 min,Gurobi 150 min,0.328818722629724840501373782477296470591383659665244880589343336206786279810927004141573079,False,32.8818722629724840501373782477296470591383659665244880589343336206786279810927004141573079,win,tie,win,tie,win,loss,win,loss,win
