instance,structure,primal_source_inventory,dual_source_inventory,general_casebook_role,historical_primal,historical_dual,historical_conclusion,primal_category,primal_project_baseline,primal_project_result,historical_copt_dual,historical_project_dual,newer_dual_audit_bound,newer_dual_audit_evidence,newer_dual_audit_limits,general_rule,primal_transferable_rule,primal_limitation,source_url,snapshot_commit
a2864-99blp,Conflict graphs and code constructions,True,True,not_explicitly_mapped_here,-257,-257 published theorem,"Optimal, exact geometry crosswalk + published theorem; theorem computation not replayed locally",not_in_project_primal_table,,,-282.960474,-257,-257,Rigorous transfer of a published theorem,The published-theorem transfer establishes -257 rigorously; a matching feasible solution also closes optimality. The computations within the paper were not rerun. Four timed-out derived COPT runs are not premises of this proof. The weaker -282 certificate does not replace -257.,,"Beyond the excluded small exchanges, use ejection chains or large-support replacements while maintaining conflict feasibility.",The neighborhood and reconstruction suggestions are structure-based research routes; they do not represent validated speedups.,https://github.com/Huangyc98/MIPLIB_openproblem/blob/b329d3812c5acf51733e0e9f7baabdda7b1008d2/instances/a2864-99blp/README.md,b329d3812c5acf51733e0e9f7baabdda7b1008d2
allcolor58,Configuration generation and residual covering,True,True,named_case_or_family_expansion,42,42,"Optimal, exact parity certificate and validated witness",numeric_improvement,258,42,,,,,,String pair counts with strict witness; do not postpone proof as an early agent motivation,Start from a sibling configuration; release capacity classes and generate new configurations instead of selecting only from the old dictionary.,Both the old capacity fixation and the 97-configuration dictionary failed locally. Success required allowing new capacities and configurations; the post hoc parity proof must not be presented as the GPT agent's earlier motivation.,https://github.com/Huangyc98/MIPLIB_openproblem/blob/b329d3812c5acf51733e0e9f7baabdda7b1008d2/instances/allcolor58/README.md,b329d3812c5acf51733e0e9f7baabdda7b1008d2
assign1-10-4,Grouped or multiple-choice decisions with coupled resources,True,True,not_explicitly_mapped_here,422,422,"Optimal, exact certificate",not_in_project_primal_table,,,377.444386,422,,,,,Build a conflict graph over the original coupling rows and jointly exchange complete categories; retain the effects of unselected variables.,The neighborhood and reconstruction suggestions are structure-based research routes; they do not represent validated speedups.,https://github.com/Huangyc98/MIPLIB_openproblem/blob/b329d3812c5acf51733e0e9f7baabdda7b1008d2/instances/assign1-10-4/README.md,b329d3812c5acf51733e0e9f7baabdda7b1008d2
bab3,Grouped or multiple-choice decisions with coupled resources,True,True,not_explicitly_mapped_here,"-656,214.95420 (strict)",no new bound,Exact fixed-unassigned 224-block categorical neighborhood closed; global optimum open,not_in_project_primal_table,,,,,,,,,Build a conflict graph over the original coupling rows and jointly exchange complete categories; retain the effects of unselected variables.,All 224 category blocks and components were closed with the unassigned variables fixed; this must not be treated as a globally independent decomposition.,https://github.com/Huangyc98/MIPLIB_openproblem/blob/b329d3812c5acf51733e0e9f7baabdda7b1008d2/instances/bab3/README.md,b329d3812c5acf51733e0e9f7baabdda7b1008d2
bley_xs1,Network design with continuous recourse,True,True,not_explicitly_mapped_here,"3,855,895.86","3,532,608.740610",Feasible; global optimum open,not_in_project_primal_table,,,,,,,,,"Transfer a verifiable design; jointly release capacity, routing, and operating choices, then re-solve the continuous recourse.",The neighborhood and reconstruction suggestions are structure-based research routes; they do not represent validated speedups.,https://github.com/Huangyc98/MIPLIB_openproblem/blob/b329d3812c5acf51733e0e9f7baabdda7b1008d2/instances/bley_xs1/README.md,b329d3812c5acf51733e0e9f7baabdda7b1008d2
bley_xs1noM,Network design with continuous recourse,True,True,not_explicitly_mapped_here,"3,855,895.86 (strict incumbent)","3,344,924.0428 (solver, 720 s)",Equivalent Big-M strengthening improves same-budget numerical bound by 554.6058; global optimum open,numeric_improvement,3873690.77,3855895.86,,,,,,,"Transfer a verifiable design; jointly release capacity, routing, and operating choices, then re-solve the continuous recourse.",The sibling mapping requires checking 883 additional integer upper bounds; subsequent single- and double-capacity-block searches found no better primal solution.,https://github.com/Huangyc98/MIPLIB_openproblem/blob/b329d3812c5acf51733e0e9f7baabdda7b1008d2/instances/bley_xs1noM/README.md,b329d3812c5acf51733e0e9f7baabdda7b1008d2
bppc6-06,"Layout, packing, and geometric relations",True,True,named_case_or_family_expansion,208,208,"Optimal, tight-profile CNF/LRAT certificate and exact witness",not_in_project_primal_table,,,201,208,,,,Exact cutoff coding and independent DRAT/LRAT checking,"Search over objects, orientations, and relative orders rather than auxiliary bits; move critical paths jointly and back-substitute every geometric row.",The neighborhood and reconstruction suggestions are structure-based research routes; they do not represent validated speedups.,https://github.com/Huangyc98/MIPLIB_openproblem/blob/b329d3812c5acf51733e0e9f7baabdda7b1008d2/instances/bppc6-06/README.md,b329d3812c5acf51733e0e9f7baabdda7b1008d2
cdc7-4-3-2,Conflict graphs and code constructions,True,True,not_explicitly_mapped_here,-307,-381,Feasible; all exchanges through 4→5 ruled out,not_in_project_primal_table,,,,,,,,,"Beyond the excluded small exchanges, use ejection chains or large-support replacements while maintaining conflict feasibility.",The neighborhood and reconstruction suggestions are structure-based research routes; they do not represent validated speedups.,https://github.com/Huangyc98/MIPLIB_openproblem/blob/b329d3812c5acf51733e0e9f7baabdda7b1008d2/instances/cdc7-4-3-2/README.md,b329d3812c5acf51733e0e9f7baabdda7b1008d2
circ10-3,Time selection and scheduling,True,True,not_explicitly_mapped_here,242,242 published,"Optimal, exact MPS crosswalk + published exhaustive result",numeric_improvement,256,242,141,242,242,Transfer of a published computational result,"The literature-transfer audit passed. The complete external search was not independently replayed, and the full 14-page journal article was not obtained. Local feasibility logs for 242 and the weaker bound 220 do not constitute the external optimality proof.",,"Search only over selected jobs, their order, and resource assignments; try matching or CP while retaining the full deadline semantics.",The neighborhood and reconstruction suggestions are structure-based research routes; they do not represent validated speedups.,https://github.com/Huangyc98/MIPLIB_openproblem/blob/b329d3812c5acf51733e0e9f7baabdda7b1008d2/instances/circ10-3/README.md,b329d3812c5acf51733e0e9f7baabdda7b1008d2
cmflsp40-36-2-10,Multiperiod production and inventory recourse,True,True,not_explicitly_mapped_here,"66,452,236.4536 (strict repair)","65,928,415.3068 (solver)",985 exact item/period neighborhoods closed; 0.7883% global gap; no strict primal improvement,not_in_project_primal_table,,,64134678.7,65928415.30680852,65928415.306808524,Reconstructed original-model identity plus historical global numerical solver evidence,"Accepted under the model and reasonable-log standards authorized by the user; the missing original global runner still limits complete reproduction. A 32-bit fingerprint is not collision-free mathematical proof of model identity and does not rule out every possible historical callback. No actual evidence of additional restrictions was found, but neither complete recovery of the runner source nor exact certification of every decimal digit is claimed.",,"Jointly release BOM- and equipment-related items and multi-period setups; after fixing the integers, recompute the inventory and demand rows.",The neighborhood and reconstruction suggestions are structure-based research routes; they do not represent validated speedups.,https://github.com/Huangyc98/MIPLIB_openproblem/blob/b329d3812c5acf51733e0e9f7baabdda7b1008d2/instances/cmflsp40-36-2-10/README.md,b329d3812c5acf51733e0e9f7baabdda7b1008d2
comp12-2idx,Time selection and scheduling,True,True,not_explicitly_mapped_here,277,165 (solver),Feasible; global optimum open; prior radius-10 local result retained,not_in_project_primal_table,,,,,,,,,"Search only over selected jobs, their order, and resource assignments; try matching or CP while retaining the full deadline semantics.",The bit radius of 10 is closed. A one-hot category change counts as two bits and must not be misread as ten teaching periods.,https://github.com/Huangyc98/MIPLIB_openproblem/blob/b329d3812c5acf51733e0e9f7baabdda7b1008d2/instances/comp12-2idx/README.md,b329d3812c5acf51733e0e9f7baabdda7b1008d2
core2586-950,Support exchanges for covering and partitioning,True,True,not_explicitly_mapped_here,944 (strict),937 (solver),Exact set-cover reduction OPT = 87 + OPT(hard); 0.7415% numerical gap; global optimum open,not_in_project_primal_table,,,,,,,,,"After deduplication and dominance reduction, make multi-remove/multi-add moves around private-row/owner conflicts; lift the result back to the original columns.",The neighborhood and reconstruction suggestions are structure-based research routes; they do not represent validated speedups.,https://github.com/Huangyc98/MIPLIB_openproblem/blob/b329d3812c5acf51733e0e9f7baabdda7b1008d2/instances/core2586-950/README.md,b329d3812c5acf51733e0e9f7baabdda7b1008d2
core4284-1064,Support exchanges for covering and partitioning,True,True,named_case_or_family_expansion,1062,1055 (portable),Exact set-cover reduction and independently checked dual certificate; global optimum open,not_in_project_primal_table,,,,,,,,"Coverage of simple, valid dual and scope checks; removal of invalid packing boundaries","After deduplication and dominance reduction, make multi-remove/multi-add moves around private-row/owner conflicts; lift the result back to the original columns.",The neighborhood and reconstruction suggestions are structure-based research routes; they do not represent validated speedups.,https://github.com/Huangyc98/MIPLIB_openproblem/blob/b329d3812c5acf51733e0e9f7baabdda7b1008d2/instances/core4284-1064/README.md,b329d3812c5acf51733e0e9f7baabdda7b1008d2
core4872-1529,Support exchanges for covering and partitioning,True,True,named_case_or_family_expansion,1530,932 (portable),Independently replayed disjoint-row-packing certificate; global optimum open,not_in_project_primal_table,,,,,,,,"Coverage of simple, valid dual and scope checks; removal of invalid packing boundaries","After deduplication and dominance reduction, make multi-remove/multi-add moves around private-row/owner conflicts; lift the result back to the original columns.",The neighborhood and reconstruction suggestions are structure-based research routes; they do not represent validated speedups.,https://github.com/Huangyc98/MIPLIB_openproblem/blob/b329d3812c5acf51733e0e9f7baabdda7b1008d2/instances/core4872-1529/README.md,b329d3812c5acf51733e0e9f7baabdda7b1008d2
cvrpa-n64k9vrpi,Routing with load or time potentials,True,True,not_explicitly_mapped_here,"1,401 (new strict incumbent)","1,401","Optimal, mixed database/computational evidence; exact MPS projection and rational 17+ bound, but no portable complete lower-bound trace",numeric_improvement,1617,1401,0,1401,1401,"Exact original-MPS projection plus external results, numerical exclusions, and exact certificates for larger fleet sizes",Mixed evidence supports 1401. The external fixed-9-vehicle computation and commercial exclusions were not fully rerun in this audit. Timeouts of plain K10/K11 runs neither prove infeasibility nor refute a different successful nonmerge run. Bounds from fixed-route lifting subproblems are not used as global proofs.,,"After recovering routes, construct assignments and routes first, then complete time, load, and indicator variables; transfer only checked data.",The neighborhood and reconstruction suggestions are structure-based research routes; they do not represent validated speedups.,https://github.com/Huangyc98/MIPLIB_openproblem/blob/b329d3812c5acf51733e0e9f7baabdda7b1008d2/instances/cvrpa-n64k9vrpi/README.md,b329d3812c5acf51733e0e9f7baabdda7b1008d2
cvrpb-n45k5vrpi,Routing with load or time potentials,True,True,not_explicitly_mapped_here,751 (new strict incumbent),751,"Optimal, mixed database/computational evidence; no portable exact lower-bound trace",numeric_improvement,775,751,0,751,751,Exact original-MPS projection plus an external fixed-fleet result and historical numerical exclusions,Accepted under a standard allowing external results and reasonable solver logs. The external fixed-5-vehicle computation and commercial searches for K>=6 were not rerun in this audit. The timed-out original-MPS COPT log on altman is not a successful exclusion; objective 0 in a cutoff feasibility model is not a routing lower bound.,,"After recovering routes, construct assignments and routes first, then complete time, load, and indicator variables; transfer only checked data.",The neighborhood and reconstruction suggestions are structure-based research routes; they do not represent validated speedups.,https://github.com/Huangyc98/MIPLIB_openproblem/blob/b329d3812c5acf51733e0e9f7baabdda7b1008d2/instances/cvrpb-n45k5vrpi/README.md,b329d3812c5acf51733e0e9f7baabdda7b1008d2
cvrpp-n16k8vrpi,Routing with load or time potentials,True,True,named_case_or_family_expansion,450,450,"Optimal, exact dynamic program",not_in_project_primal_table,,,282.375839,450,,,,Find the small state map core and run out of DP; complete the enumeration with global boundaries,"After recovering routes, construct assignments and routes first, then complete time, load, and indicator variables; transfer only checked data.",The neighborhood and reconstruction suggestions are structure-based research routes; they do not represent validated speedups.,https://github.com/Huangyc98/MIPLIB_openproblem/blob/b329d3812c5acf51733e0e9f7baabdda7b1008d2/instances/cvrpp-n16k8vrpi/README.md,b329d3812c5acf51733e0e9f7baabdda7b1008d2
d20200,Grouped or multiple-choice decisions with coupled resources,True,True,not_explicitly_mapped_here,"12,237","12,232 solver; 12,230 independently exact",Custom tree incomplete: 33 pending subtrees; no new bound,not_in_project_primal_table,,,,,,,,,Build a conflict graph over the original coupling rows and jointly exchange complete categories; retain the effects of unselected variables.,The neighborhood and reconstruction suggestions are structure-based research routes; they do not represent validated speedups.,https://github.com/Huangyc98/MIPLIB_openproblem/blob/b329d3812c5acf51733e0e9f7baabdda7b1008d2/instances/d20200/README.md,b329d3812c5acf51733e0e9f7baabdda7b1008d2
dano3mip,Network design with continuous recourse,True,True,not_explicitly_mapped_here,664.020833333333,578.2171855753,Feasible; global optimum open,not_in_project_primal_table,,,,,,,,,"Transfer a verifiable design; jointly release capacity, routing, and operating choices, then re-solve the continuous recourse.",The neighborhood and reconstruction suggestions are structure-based research routes; they do not represent validated speedups.,https://github.com/Huangyc98/MIPLIB_openproblem/blob/b329d3812c5acf51733e0e9f7baabdda7b1008d2/instances/dano3mip/README.md,b329d3812c5acf51733e0e9f7baabdda7b1008d2
datt256,Finite-domain feasibility and covering repair,True,True,not_explicitly_mapped_here,no feasible point,local infeasibility certificates,Global feasibility open,not_in_project_primal_table,,,,,,,,,Preserve hard quotas or bounds and construct repairs from unsatisfied constraints; retain only a near-feasible label until every constraint is satisfied.,"The 470/480 puzzle is only near-feasible: ten mismatched edges correspond to twenty color-flow rows, so it cannot serve as a primal solution.",https://github.com/Huangyc98/MIPLIB_openproblem/blob/b329d3812c5acf51733e0e9f7baabdda7b1008d2/instances/datt256/README.md,b329d3812c5acf51733e0e9f7baabdda7b1008d2
dfn-bwin-DBE,Network design with continuous recourse,True,True,named_case_or_family_expansion,"73,623.79","73,623.79","Optimal, exact spanning-tree DP and cost exclusion",not_in_project_primal_table,,,56406.0914,73623.79,,,,Find the small state map core and run out of DP; complete the enumeration with global boundaries,"Transfer a verifiable design; jointly release capacity, routing, and operating choices, then re-solve the continuous recourse.",The neighborhood and reconstruction suggestions are structure-based research routes; they do not represent validated speedups.,https://github.com/Huangyc98/MIPLIB_openproblem/blob/b329d3812c5acf51733e0e9f7baabdda7b1008d2/instances/dfn-bwin-DBE/README.md,b329d3812c5acf51733e0e9f7baabdda7b1008d2
dws012-01,Network design with continuous recourse,True,True,not_explicitly_mapped_here,"82,030.5522222395466198 (1e-9 feasible)","44,641.72316928 (solver)",Fixed-design recourse optimum and exact projection blueprint; 45.5792% numerical gap; global optimum open,not_in_project_primal_table,,,,,,,,,"Transfer a verifiable design; jointly release capacity, routing, and operating choices, then re-solve the continuous recourse.",The neighborhood and reconstruction suggestions are structure-based research routes; they do not represent validated speedups.,https://github.com/Huangyc98/MIPLIB_openproblem/blob/b329d3812c5acf51733e0e9f7baabdda7b1008d2/instances/dws012-01/README.md,b329d3812c5acf51733e0e9f7baabdda7b1008d2
dws012-02,Network design with continuous recourse,True,True,named_case_or_family_expansion,119443.31072434435 (new strict incumbent),23459.58492171858,Sibling-design transplant improves MIPLIB v36 by 449.99998531942; global optimum open,numeric_improvement,119893.31070966377,119443.31072434435,,,,,,"Denial of false decomposition without private variables, then repair as a brother design migration and recourse","Transfer a verifiable design; jointly release capacity, routing, and operating choices, then re-solve the continuous recourse.",Only one pair of choices changes among 264 design positions. The 395 DEC subblocks have no private variables and cannot be treated as independent recourse problems.,https://github.com/Huangyc98/MIPLIB_openproblem/blob/b329d3812c5acf51733e0e9f7baabdda7b1008d2/instances/dws012-02/README.md,b329d3812c5acf51733e0e9f7baabdda7b1008d2
eva1aprime5x5opt,Component selection and mechanical recourse,True,True,not_explicitly_mapped_here,-17.94807560443689 (strict),-458.919072061,Feasible; no 1e-6 improvement within bit radius 8; global optimum open,not_in_project_primal_table,,,,,,,,,Search joint selections beyond the closed member radius; verify them with equilibrium/displacement LPs.,The neighborhood and reconstruction suggestions are structure-based research routes; they do not represent validated speedups.,https://github.com/Huangyc98/MIPLIB_openproblem/blob/b329d3812c5acf51733e0e9f7baabdda7b1008d2/instances/eva1aprime5x5opt/README.md,b329d3812c5acf51733e0e9f7baabdda7b1008d2
ex1010-pi,Support exchanges for covering and partitioning,True,True,not_explicitly_mapped_here,233,224 solver,Exact kernelization; global optimum open,not_in_project_primal_table,,,,,,,,,"After deduplication and dominance reduction, make multi-remove/multi-add moves around private-row/owner conflicts; lift the result back to the original columns.",The neighborhood and reconstruction suggestions are structure-based research routes; they do not represent validated speedups.,https://github.com/Huangyc98/MIPLIB_openproblem/blob/b329d3812c5acf51733e0e9f7baabdda7b1008d2/instances/ex1010-pi/README.md,b329d3812c5acf51733e0e9f7baabdda7b1008d2
f2000,Support exchanges for covering and partitioning,True,True,not_explicitly_mapped_here,"1,810","1,332 root",Feasible minimum-prime-implicant witness; global optimum open,not_in_project_primal_table,,,,,,,,,"After deduplication and dominance reduction, make multi-remove/multi-add moves around private-row/owner conflicts; lift the result back to the original columns.",The neighborhood and reconstruction suggestions are structure-based research routes; they do not represent validated speedups.,https://github.com/Huangyc98/MIPLIB_openproblem/blob/b329d3812c5acf51733e0e9f7baabdda7b1008d2/instances/f2000/README.md,b329d3812c5acf51733e0e9f7baabdda7b1008d2
fastxgemm-n3r21s3t6,Bilinear tensors and support patterns,True,True,named_case_or_family_expansion,"2,147 (external-derived; strictly verified)",93,"Strict interval [93,2147]; LB is our proof, UB is excluded from our primal count; global optimum open",external_or_external_derived,,,84,**93**,,,,"Rank/orbit is not variable, finite exclusion and local search boundaries; relaxation witness cannot be used as a complete quantity decomposition",First verify every tensor equality in the external construction; new searches should change the support or orbit and avoid rescanning fixed coefficient patterns.,The neighborhood and reconstruction suggestions are structure-based research routes; they do not represent validated speedups.,https://github.com/Huangyc98/MIPLIB_openproblem/blob/b329d3812c5acf51733e0e9f7baabdda7b1008d2/instances/fastxgemm-n3r21s3t6/README.md,b329d3812c5acf51733e0e9f7baabdda7b1008d2
fastxgemm-n3r22s4t6,Bilinear tensors and support patterns,True,True,named_case_or_family_expansion,"1,150 (external-derived; strictly verified)",90,"Strict interval [90,1150]; LB is our proof, UB is excluded from our primal count; global optimum open",external_or_external_derived,,,,,,,,"Rank/orbit is not variable, finite exclusion and local search boundaries; relaxation witness cannot be used as a complete quantity decomposition",First verify every tensor equality in the external construction; new searches should change the support or orbit and avoid rescanning fixed coefficient patterns.,The neighborhood and reconstruction suggestions are structure-based research routes; they do not represent validated speedups.,https://github.com/Huangyc98/MIPLIB_openproblem/blob/b329d3812c5acf51733e0e9f7baabdda7b1008d2/instances/fastxgemm-n3r22s4t6/README.md,b329d3812c5acf51733e0e9f7baabdda7b1008d2
fastxgemm-n3r23s5t6,Bilinear tensors and support patterns,True,True,named_case_or_family_expansion,153 (BILR 2018; strictly verified),90,"Strict interval [90,153]; LB is our proof, UB is excluded from our primal count; global optimum open",external_or_external_derived,,,,,,,,"Rank/orbit is not variable, finite exclusion and local search boundaries; relaxation witness cannot be used as a complete quantity decomposition",First verify every tensor equality in the external construction; new searches should change the support or orbit and avoid rescanning fixed coefficient patterns.,The neighborhood and reconstruction suggestions are structure-based research routes; they do not represent validated speedups.,https://github.com/Huangyc98/MIPLIB_openproblem/blob/b329d3812c5acf51733e0e9f7baabdda7b1008d2/instances/fastxgemm-n3r23s5t6/README.md,b329d3812c5acf51733e0e9f7baabdda7b1008d2
fhnw-binpack4-58,"Layout, packing, and geometric relations",True,True,not_explicitly_mapped_here,—,geometric contradiction,"Infeasible, exact certificate",not_in_project_primal_table,,,,,,,,,"Search over objects, orientations, and relative orders rather than auxiliary bits; move critical paths jointly and back-substitute every geometric row.",The neighborhood and reconstruction suggestions are structure-based research routes; they do not represent validated speedups.,https://github.com/Huangyc98/MIPLIB_openproblem/blob/b329d3812c5acf51733e0e9f7baabdda7b1008d2/instances/fhnw-binpack4-58/README.md,b329d3812c5acf51733e0e9f7baabdda7b1008d2
fhnw-binschedule0,Time selection and scheduling,True,True,named_case_or_family_expansion,"15,958","15,958","Optimal, exact interval-order path-cover certificate",numeric_improvement,16088,15958,15642,15958,,,,"Endpoint spacing sequence, matching /path cover with load lattice; boundary separation with full witness","Search only over selected jobs, their order, and resource assignments; try matching or CP while retaining the full deadline semantics.",The neighborhood and reconstruction suggestions are structure-based research routes; they do not represent validated speedups.,https://github.com/Huangyc98/MIPLIB_openproblem/blob/b329d3812c5acf51733e0e9f7baabdda7b1008d2/instances/fhnw-binschedule0/README.md,b329d3812c5acf51733e0e9f7baabdda7b1008d2
fhnw-binschedule1,Time selection and scheduling,True,True,named_case_or_family_expansion,"55,158","55,158","Optimal, exact interval-order path-cover certificate",numeric_improvement,55198,55158,52153,55158,,,,"Endpoint spacing sequence, matching /path cover with load lattice; boundary separation with full witness","Search only over selected jobs, their order, and resource assignments; try matching or CP while retaining the full deadline semantics.",The neighborhood and reconstruction suggestions are structure-based research routes; they do not represent validated speedups.,https://github.com/Huangyc98/MIPLIB_openproblem/blob/b329d3812c5acf51733e0e9f7baabdda7b1008d2/instances/fhnw-binschedule1/README.md,b329d3812c5acf51733e0e9f7baabdda7b1008d2
fhnw-binschedule2,Time selection and scheduling,True,True,named_case_or_family_expansion,"2,428","2,428","Optimal, exact endpoint clique/parity certificate",not_in_project_primal_table,,,2273.5,2428,,,,"Endpoint spacing sequence, matching /path cover with load lattice; boundary separation with full witness","Search only over selected jobs, their order, and resource assignments; try matching or CP while retaining the full deadline semantics.",The neighborhood and reconstruction suggestions are structure-based research routes; they do not represent validated speedups.,https://github.com/Huangyc98/MIPLIB_openproblem/blob/b329d3812c5acf51733e0e9f7baabdda7b1008d2/instances/fhnw-binschedule2/README.md,b329d3812c5acf51733e0e9f7baabdda7b1008d2
fhnw-schedule-paira100,Time selection and scheduling,True,True,named_case_or_family_expansion,-15.113116512593402 (strict),-15.113116512593402 (Gurobi + audited valid cuts),"Computational optimum; official lower headline is nonintegral, so no numerical primal improvement is claimed",not_in_project_primal_table,,,-23.8016842,-15.113116512593402,-15.113116512593401992,Local exact branch-dual certificate plus an exact original-MPS feasible solution,Adopt the exactly certified value for the literal coefficients of this original MPS. The final proof does not depend on the retracted old energy cuts or floating-point D_safe. The exact tree certificate was completed later and is not presented as a replay of the old search trajectory.,"Extract selection Nuclear, derive security conflict/energy constraint, then independently construct the original space schedule; last start is not equal to deadline","Search only over selected jobs, their order, and resource assignments; try matching or CP while retaining the full deadline semantics.",The neighborhood and reconstruction suggestions are structure-based research routes; they do not represent validated speedups.,https://github.com/Huangyc98/MIPLIB_openproblem/blob/b329d3812c5acf51733e0e9f7baabdda7b1008d2/instances/fhnw-schedule-paira100/README.md,b329d3812c5acf51733e0e9f7baabdda7b1008d2
fhnw-schedule-paira200,Time selection and scheduling,True,True,named_case_or_family_expansion,-19.369961204645204 (new strict incumbent),-19.369961204645204 (Gurobi + audited valid cuts),Computational optimum; independent rerun and original-MPS audit,numeric_improvement,-19.2298568218154,-19.369961204645204,-46.9081453,-19.369961204645204,-19.36996120464520581,Local exact branch-dual certificate plus an exact original-MPS feasible solution,"Adopt the certified value. The last digits of the old headline were too high, so that literal decimal cannot be reinstated as a rigorous lower bound. The final proof does not depend on the retracted old energy cuts or floating-point D_safe. The exact tree certificate was completed later and is not presented as a replay of the old search trajectory.","Extract selection Nuclear, derive security conflict/energy constraint, then independently construct the original space schedule; last start is not equal to deadline","Search only over selected jobs, their order, and resource assignments; try matching or CP while retaining the full deadline semantics.",The neighborhood and reconstruction suggestions are structure-based research routes; they do not represent validated speedups.,https://github.com/Huangyc98/MIPLIB_openproblem/blob/b329d3812c5acf51733e0e9f7baabdda7b1008d2/instances/fhnw-schedule-paira200/README.md,b329d3812c5acf51733e0e9f7baabdda7b1008d2
fhnw-schedule-paira400,Time selection and scheduling,True,True,named_case_or_family_expansion,-36.27696674236886 (new strict incumbent),-36.27696674236886 (safe suffix master),Computational optimum; two master runs and Pair-A/Pair-B full-row audits,numeric_improvement,-35.54680465280395,-36.27696674236886,-95.8844179,-36.27696674236886,-36.276966742368865136,Local exact branch-dual certificate plus an exact original-MPS feasible solution,"Adopt the certified value. The last digits of the old headline were too high, so that literal decimal cannot be reinstated as a rigorous lower bound. The final proof does not depend on the retracted old energy cuts or floating-point D_safe. The exact tree certificate was completed later and is not presented as a replay of the old search trajectory.","Extract selection Nuclear, derive security conflict/energy constraint, then independently construct the original space schedule; last start is not equal to deadline","Search only over selected jobs, their order, and resource assignments; try matching or CP while retaining the full deadline semantics.",The neighborhood and reconstruction suggestions are structure-based research routes; they do not represent validated speedups.,https://github.com/Huangyc98/MIPLIB_openproblem/blob/b329d3812c5acf51733e0e9f7baabdda7b1008d2/instances/fhnw-schedule-paira400/README.md,b329d3812c5acf51733e0e9f7baabdda7b1008d2
fhnw-schedule-pairb200,Time selection and scheduling,True,True,named_case_or_family_expansion,-19.3699612046452058100 (new strict incumbent),-19.3699612046452058100 (Gurobi + audited valid cuts),"Computational optimum; independent rerun and Pair-A cross-check, no portable formal lower-bound proof",numeric_improvement,-19.24094384259708,-19.3699612046452058100,-51.5610835,-19.3699612046452058100,-19.36996120464520581,Local exact branch-dual certificate plus an exact original-MPS feasible solution,Adopt the exactly certified value for the literal coefficients of this original MPS. The final proof does not depend on the retracted old energy cuts or floating-point D_safe. The exact tree certificate was completed later and is not presented as a replay of the old search trajectory.,"Extract selection Nuclear, derive security conflict/energy constraint, then independently construct the original space schedule; last start is not equal to deadline","Search only over selected jobs, their order, and resource assignments; try matching or CP while retaining the full deadline semantics.",The neighborhood and reconstruction suggestions are structure-based research routes; they do not represent validated speedups.,https://github.com/Huangyc98/MIPLIB_openproblem/blob/b329d3812c5acf51733e0e9f7baabdda7b1008d2/instances/fhnw-schedule-pairb200/README.md,b329d3812c5acf51733e0e9f7baabdda7b1008d2
fhnw-schedule-pairb400,Time selection and scheduling,True,True,named_case_or_family_expansion,-36.27696674236886 (new strict incumbent),-36.27696674236886 (independent safe suffix master),"Computational optimum; two safe runs, cross-formulation audit, invalid old cuts explicitly rejected",numeric_improvement,-35.4584,-36.27696674236886,-98.8384308,-36.27696674236886,-36.276966742368865136,Local exact branch-dual certificate plus an exact original-MPS feasible solution,"Adopt the certified value. The last digits of the old headline were too high, so that literal decimal cannot be reinstated as a rigorous lower bound. The final proof does not depend on the retracted old energy cuts or floating-point D_safe. The exact tree certificate was completed later and is not presented as a replay of the old search trajectory.","Extract selection Nuclear, derive security conflict/energy constraint, then independently construct the original space schedule; last start is not equal to deadline","Search only over selected jobs, their order, and resource assignments; try matching or CP while retaining the full deadline semantics.",The neighborhood and reconstruction suggestions are structure-based research routes; they do not represent validated speedups.,https://github.com/Huangyc98/MIPLIB_openproblem/blob/b329d3812c5acf51733e0e9f7baabdda7b1008d2/instances/fhnw-schedule-pairb400/README.md,b329d3812c5acf51733e0e9f7baabdda7b1008d2
genus-g31-8,Graph embeddings and rotation systems,True,True,not_explicitly_mapped_here,-23 (genus 3),-23 exhaustive result,"Optimal, same graph and exact exhaustive result; no standalone proof trace",not_in_project_primal_table,,,-27,-23,,,,,Construct new witnesses on compact rotation/face states; distinguish equivalent face labels from genuine topological changes.,The neighborhood and reconstruction suggestions are structure-based research routes; they do not represent validated speedups.,https://github.com/Huangyc98/MIPLIB_openproblem/blob/b329d3812c5acf51733e0e9f7baabdda7b1008d2/instances/genus-g31-8/README.md,b329d3812c5acf51733e0e9f7baabdda7b1008d2
genus-g61-25,Graph embeddings and rotation systems,True,True,not_explicitly_mapped_here,-40 (genus 10; MPS tolerance 1e-6),-42 (exact; genus ≥9),Complete 44-face exclusion; 42-face target unresolved,not_in_project_primal_table,,,-58,-42,,,,,Construct new witnesses on compact rotation/face states; distinguish equivalent face labels from genuine topological changes.,The neighborhood and reconstruction suggestions are structure-based research routes; they do not represent validated speedups.,https://github.com/Huangyc98/MIPLIB_openproblem/blob/b329d3812c5acf51733e0e9f7baabdda7b1008d2/instances/genus-g61-25/README.md,b329d3812c5acf51733e0e9f7baabdda7b1008d2
genus-sym-g31-8,Graph embeddings and rotation systems,True,True,not_explicitly_mapped_here,-23 (genus 3),-23 exhaustive result,"Optimal, specialized exact exhaustive computation; no standalone proof trace",not_in_project_primal_table,,,-27,-23,,,,,Construct new witnesses on compact rotation/face states; distinguish equivalent face labels from genuine topological changes.,The neighborhood and reconstruction suggestions are structure-based research routes; they do not represent validated speedups.,https://github.com/Huangyc98/MIPLIB_openproblem/blob/b329d3812c5acf51733e0e9f7baabdda7b1008d2/instances/genus-sym-g31-8/README.md,b329d3812c5acf51733e0e9f7baabdda7b1008d2
genus-sym-g62-2,Graph embeddings and rotation systems,True,True,not_explicitly_mapped_here,-38 (MPS tolerance 1e-6),-40 (exact),Complete short-face catalogue and rational dual; optimum open,not_in_project_primal_table,,,-54,-40,,,,,Construct new witnesses on compact rotation/face states; distinguish equivalent face labels from genuine topological changes.,The neighborhood and reconstruction suggestions are structure-based research routes; they do not represent validated speedups.,https://github.com/Huangyc98/MIPLIB_openproblem/blob/b329d3812c5acf51733e0e9f7baabdda7b1008d2/instances/genus-sym-g62-2/README.md,b329d3812c5acf51733e0e9f7baabdda7b1008d2
genus-sym-grafo5708-48,Graph embeddings and rotation systems,True,True,not_explicitly_mapped_here,-21 (genus 4),-21 exhaustive result,"Optimal, specialized exact exhaustive computation; no standalone proof trace",not_in_project_primal_table,,,-27,-21,,,,,Construct new witnesses on compact rotation/face states; distinguish equivalent face labels from genuine topological changes.,The neighborhood and reconstruction suggestions are structure-based research routes; they do not represent validated speedups.,https://github.com/Huangyc98/MIPLIB_openproblem/blob/b329d3812c5acf51733e0e9f7baabdda7b1008d2/instances/genus-sym-grafo5708-48/README.md,b329d3812c5acf51733e0e9f7baabdda7b1008d2
ger50-17-ptp-pop-3t,Network design with continuous recourse,True,True,not_explicitly_mapped_here,"5,224.5144 (strict)","5,183.93592586653 (solver)",Exact flow scaling; conflicting Gurobi 13 zero-gap output rejected; 0.7767% numerical gap; global optimum open,not_in_project_primal_table,,,,,,,,,"Transfer a verifiable design; jointly release capacity, routing, and operating choices, then re-solve the continuous recourse.",The neighborhood and reconstruction suggestions are structure-based research routes; they do not represent validated speedups.,https://github.com/Huangyc98/MIPLIB_openproblem/blob/b329d3812c5acf51733e0e9f7baabdda7b1008d2/instances/ger50-17-ptp-pop-3t/README.md,b329d3812c5acf51733e0e9f7baabdda7b1008d2
gmut-76-40,Forest set packing and interperiod smoothing,True,True,not_explicitly_mapped_here,"-14,169,477.7859 (strict repaired)","-14,171,086.31587 (solver)",Exact-decimal primal audit; 0.0114% numerical gap; global optimum open,not_in_project_primal_table,,,,,,,,,Preserve area and adjacency no-harvest constraints while jointly adjusting multi-period flows; enlarge the destroy neighborhood when the difference support forms a large component.,The neighborhood and reconstruction suggestions are structure-based research routes; they do not represent validated speedups.,https://github.com/Huangyc98/MIPLIB_openproblem/blob/b329d3812c5acf51733e0e9f7baabdda7b1008d2/instances/gmut-76-40/README.md,b329d3812c5acf51733e0e9f7baabdda7b1008d2
gmut-76-50,Forest set packing and interperiod smoothing,True,True,named_case_or_family_expansion,-14171397.8275 (strict),no new certified global bound,Public lower-looking witness is nonintegral; no incumbent improvement claimed,not_in_project_primal_table,,,,,,,,strict integer audit and differential support connected decision multiple deletion multiple scales; not claimed improvement,Preserve area and adjacency no-harvest constraints while jointly adjusting multi-period flows; enlarge the destroy neighborhood when the difference support forms a large component.,"The lower official point is nonintegral; rounding it violates a flow row by 0.065235, and ordinary three-column exchanges did not repair it.",https://github.com/Huangyc98/MIPLIB_openproblem/blob/b329d3812c5acf51733e0e9f7baabdda7b1008d2/instances/gmut-76-50/README.md,b329d3812c5acf51733e0e9f7baabdda7b1008d2
graph40-20-1rand,Disjoint graph-cut packing,True,True,not_explicitly_mapped_here,-15 (15 cuts),"-15 published, graph identity not certified",Feasible; global optimality not locally certified,not_in_project_primal_table,,,,,,,,,"Construct cut sets or SAT cutoff witnesses on the original graph, then regenerate the compiled variables.",The neighborhood and reconstruction suggestions are structure-based research routes; they do not represent validated speedups.,https://github.com/Huangyc98/MIPLIB_openproblem/blob/b329d3812c5acf51733e0e9f7baabdda7b1008d2/instances/graph40-20-1rand/README.md,b329d3812c5acf51733e0e9f7baabdda7b1008d2
graph40-40-1rand,Disjoint graph-cut packing,True,True,named_case_or_family_expansion,-9 (9 cuts),-9,"Optimal, original-MPS/CNF/LRAT certificate",not_in_project_primal_table,,,-68.9559386,-9,,,,Exact cutoff coding and independent DRAT/LRAT checking,"Construct cut sets or SAT cutoff witnesses on the original graph, then regenerate the compiled variables.",The neighborhood and reconstruction suggestions are structure-based research routes; they do not represent validated speedups.,https://github.com/Huangyc98/MIPLIB_openproblem/blob/b329d3812c5acf51733e0e9f7baabdda7b1008d2/instances/graph40-40-1rand/README.md,b329d3812c5acf51733e0e9f7baabdda7b1008d2
graph40-80-1rand,Disjoint graph-cut packing,True,True,named_case_or_family_expansion,-7,-7,"Optimal, original-MPS/CNF/LRAT certificate",not_in_project_primal_table,,,-495.450445,-7,,,,Exact cutoff coding and independent DRAT/LRAT checking,"Construct cut sets or SAT cutoff witnesses on the original graph, then regenerate the compiled variables.",The neighborhood and reconstruction suggestions are structure-based research routes; they do not represent validated speedups.,https://github.com/Huangyc98/MIPLIB_openproblem/blob/b329d3812c5acf51733e0e9f7baabdda7b1008d2/instances/graph40-80-1rand/README.md,b329d3812c5acf51733e0e9f7baabdda7b1008d2
graphdraw-mainerd,"Layout, packing, and geometric relations",True,True,not_explicitly_mapped_here,"38,842 (exact reconstruction)","31,882 (exact global certificate)",New global geometric proof; historical six-rectangle local exclusion remains separate; global optimum open,not_in_project_primal_table,,,31493.2257,**31882**,31882,Local exact geometric projection plus four-direction branch-dual certificates,"Adopt the new exact bound 31882. This is a new proof, not a replay of the original search for 31769. Earlier local results allowing only a limited number of rectangles to move are excluded from the global proof chain. Optimality is not claimed.",,"Search over objects, orientations, and relative orders rather than auxiliary bits; move critical paths jointly and back-substitute every geometric row.",The neighborhood and reconstruction suggestions are structure-based research routes; they do not represent validated speedups.,https://github.com/Huangyc98/MIPLIB_openproblem/blob/b329d3812c5acf51733e0e9f7baabdda7b1008d2/instances/graphdraw-mainerd/README.md,b329d3812c5acf51733e0e9f7baabdda7b1008d2
graphdraw-opmanager,"Layout, packing, and geometric relations",True,True,not_explicitly_mapped_here,"99,445.5","58,950 (exact global certificate)",New global geometric proof; historical four-rectangle local exclusion remains separate; global optimum open,not_in_project_primal_table,,,56741.4457,**58950**,58950,Local exact geometric projection plus four-direction branch-dual certificates,"Adopt the new exact bound 58950. This is a new proof, not a replay of the original search for 58625.5. Earlier local results allowing only a limited number of rectangles to move are excluded from the global proof chain. Optimality is not claimed.",,"Search over objects, orientations, and relative orders rather than auxiliary bits; move critical paths jointly and back-substitute every geometric row.",The neighborhood and reconstruction suggestions are structure-based research routes; they do not represent validated speedups.,https://github.com/Huangyc98/MIPLIB_openproblem/blob/b329d3812c5acf51733e0e9f7baabdda7b1008d2/instances/graphdraw-opmanager/README.md,b329d3812c5acf51733e0e9f7baabdda7b1008d2
gsvm2rl11,Classifier construction and outlier selection,True,True,not_explicitly_mapped_here,"18,539.12716192643 (strict)","2,096.755457820071",Feasible; sparse-exchange prototypes tested; global optimum open,not_in_project_primal_table,,,,,,,,,"Jointly exchange sample-selection z variables, then solve the continuous classification recourse; choose neighborhoods using support differences and margins.",The neighborhood and reconstruction suggestions are structure-based research routes; they do not represent validated speedups.,https://github.com/Huangyc98/MIPLIB_openproblem/blob/b329d3812c5acf51733e0e9f7baabdda7b1008d2/instances/gsvm2rl11/README.md,b329d3812c5acf51733e0e9f7baabdda7b1008d2
gsvm2rl9,Classifier construction and outlier selection,True,True,not_explicitly_mapped_here,"7,438.181167767967 (strict)","2,289.659530409",Feasible; no official-target improvement within z radius 8; global optimum open,not_in_project_primal_table,,,,,,,,,"Jointly exchange sample-selection z variables, then solve the continuous classification recourse; choose neighborhoods using support differences and margins.",The neighborhood and reconstruction suggestions are structure-based research routes; they do not represent validated speedups.,https://github.com/Huangyc98/MIPLIB_openproblem/blob/b329d3812c5acf51733e0e9f7baabdda7b1008d2/instances/gsvm2rl9/README.md,b329d3812c5acf51733e0e9f7baabdda7b1008d2
ivu06,Support exchanges for covering and partitioning,True,True,not_explicitly_mapped_here,142.864331576,135.900242315 (portable),Exact rational dual checked against all columns; global optimum open,not_in_project_primal_table,,,,,,,,,"After deduplication and dominance reduction, make multi-remove/multi-add moves around private-row/owner conflicts; lift the result back to the original columns.",The neighborhood and reconstruction suggestions are structure-based research routes; they do not represent validated speedups.,https://github.com/Huangyc98/MIPLIB_openproblem/blob/b329d3812c5acf51733e0e9f7baabdda7b1008d2/instances/ivu06/README.md,b329d3812c5acf51733e0e9f7baabdda7b1008d2
liu,"Layout, packing, and geometric relations",True,True,not_explicitly_mapped_here,"1,082 (new strict solution)","1,074 (area + even-lattice certificate)","Feasible; target-1,080 critical-path study closes two restricted neighborhoods, but global optimum remains open",numeric_improvement,1083.984782,1082,560,1074,,,,,"Search over objects, orientations, and relative orders rather than auxiliary bits; move critical paths jointly and back-substitute every geometric row.",The value 1082 was found by sequence-pair CP-SAT in 460.253 s. Even dimensions plus the difference system ensure that an optimum can be even; the next target is 1080.,https://github.com/Huangyc98/MIPLIB_openproblem/blob/b329d3812c5acf51733e0e9f7baabdda7b1008d2/instances/liu/README.md,b329d3812c5acf51733e0e9f7baabdda7b1008d2
lr1dr02vc05v8a-t360,Inventory routing and cargo-vehicle coupling,True,True,not_explicitly_mapped_here,"123,046.81611861245 (strict normalized)",no new bound,Route RVND/ILS and capacity-preserving compound exchanges tested; global optimum open,not_in_project_primal_table,,,,,,,,,"Jointly change trips, loads, and multi-period inventory; use historical routes only as candidates and recomplete them.",The neighborhood and reconstruction suggestions are structure-based research routes; they do not represent validated speedups.,https://github.com/Huangyc98/MIPLIB_openproblem/blob/b329d3812c5acf51733e0e9f7baabdda7b1008d2/instances/lr1dr02vc05v8a-t360/README.md,b329d3812c5acf51733e0e9f7baabdda7b1008d2
milo-v12-6-r1-75-1,Component selection and mechanical recourse,True,True,not_explicitly_mapped_here,"1,153,756.398205675","1,125,907.0416245167 (solver)","2.4138% numerical gap; 5,236 fixed-topology tests; global optimum open",not_in_project_primal_table,,,,,,,,,Search joint selections beyond the closed member radius; verify them with equilibrium/displacement LPs.,The neighborhood and reconstruction suggestions are structure-based research routes; they do not represent validated speedups.,https://github.com/Huangyc98/MIPLIB_openproblem/blob/b329d3812c5acf51733e0e9f7baabdda7b1008d2/instances/milo-v12-6-r1-75-1/README.md,b329d3812c5acf51733e0e9f7baabdda7b1008d2
milo-v13-4-3d-4-0,Component selection and mechanical recourse,True,True,not_explicitly_mapped_here,"358,152.26219370891","221,230.41433552347 (solver)",Same verified design; prior member-radius-7 result retained; global optimum open,not_in_project_primal_table,,,,,,,,,Search joint selections beyond the closed member radius; verify them with equilibrium/displacement LPs.,Changing at most seven members produced no better solution; small floating-point objective changes for the same design do not count as a new design.,https://github.com/Huangyc98/MIPLIB_openproblem/blob/b329d3812c5acf51733e0e9f7baabdda7b1008d2/instances/milo-v13-4-3d-4-0/README.md,b329d3812c5acf51733e0e9f7baabdda7b1008d2
mining,Mining precedence and interperiod capacity,True,True,named_case_or_family_expansion,"-833,589,149.2736538586882046","-835,361,895.5863052144840282387439 (strict)",Exact certified interval; 0.2126642740% gap; global optimum open,not_in_project_primal_table,,,-933493233,-835361895.5863052144840282387439,,,,"Closed/path core with few resources; min-cut/DP, Lagrangian day with valid certificate",Use mining times as the state and jointly release consecutive periods and the precedence closure; explicitly record restrictions used when updating the final pit.,The neighborhood and reconstruction suggestions are structure-based research routes; they do not represent validated speedups.,https://github.com/Huangyc98/MIPLIB_openproblem/blob/b329d3812c5acf51733e0e9f7baabdda7b1008d2/instances/mining/README.md,b329d3812c5acf51733e0e9f7baabdda7b1008d2
minutedispatchstrategy,Power dispatch,True,True,not_explicitly_mapped_here,"3,109.9034777596576","3,109.9034777596576 (Gurobi)","Repository computational closure; official page still open; strict primal audit, not yet incorporated into or confirmed by MIPLIB, and no portable exact lower-bound certificate",not_in_project_primal_table,,,3109.78686,3109.9034777596576,3109.9034777596576,Original model plus historical global numerical solver closure; historical discrepancy retained,"The new lower bound is adopted following the user decision, while retaining the old PDF primal=3109.90308, which is approximately 0.00039776 below the new bound; its corresponding original solution is still missing. Residuals from another COPT solution do not explain that specific historical record. The discrepancy remains unresolved, and no verified counterexample was found. Adopting the new value is a usage decision, not a proof that the unresolved issue has been settled.",,First verify the strict integer decisions and continuous recourse; stop primal search on the same model when closure evidence is already available.,"The strict objective is about 3.45e-12 above v36. The contribution is computational closure, not primal improvement.",https://github.com/Huangyc98/MIPLIB_openproblem/blob/b329d3812c5acf51733e0e9f7baabdda7b1008d2/instances/minutedispatchstrategy/README.md,b329d3812c5acf51733e0e9f7baabdda7b1008d2
n3700,Network design with continuous recourse,True,True,not_explicitly_mapped_here,"1,247,295 (strict)","1,063,103.147061621",Feasible; fixed-charge/network repair tested; global optimum open,not_in_project_primal_table,,,,,,,,,"Transfer a verifiable design; jointly release capacity, routing, and operating choices, then re-solve the continuous recourse.",The neighborhood and reconstruction suggestions are structure-based research routes; they do not represent validated speedups.,https://github.com/Huangyc98/MIPLIB_openproblem/blob/b329d3812c5acf51733e0e9f7baabdda7b1008d2/instances/n3700/README.md,b329d3812c5acf51733e0e9f7baabdda7b1008d2
nag,Selection cores and local coupling,True,True,not_explicitly_mapped_here,930 (verified @ 1e-9),550.540540540541,Feasible under the stated tolerance; global optimum open,numeric_improvement,945,930,465,550.5405405405405,550.5405405405405,Traceable original MPS and runner plus historical global numerical solver evidence,"Accepted under a standard permitting reasonable global numerical solver results. Not all internal cuts or the branch tree were independently checked, and no commercial numerical rerun was performed. API decimals are numerical records, not digit-by-digit exact certificates. Improvement over the old COPT PDF cannot be attributed to a specific parameter and is not proof of a same-budget performance advantage.",,Recover cost/resource blocks from row incidence and run short pilots on structural neighborhoods; do not infer unknown semantics from names.,The value 930 comes from a generic 2700 s COPT run; no evidence attributes it to a specialized structural algorithm.,https://github.com/Huangyc98/MIPLIB_openproblem/blob/b329d3812c5acf51733e0e9f7baabdda7b1008d2/instances/nag/README.md,b329d3812c5acf51733e0e9f7baabdda7b1008d2
neos-2629914-sudost,"Network, matching, and discrete cores",True,True,not_explicitly_mapped_here,"48,180","48,180","Optimal, exact QAP/cut-enumeration certificate",not_in_project_primal_table,,,42387.0653,48180,,,,,"Eliminate constructible auxiliary variables while preserving conservation, parity, and connectivity conditions; generate a complete witness from a small core.",The neighborhood and reconstruction suggestions are structure-based research routes; they do not represent validated speedups.,https://github.com/Huangyc98/MIPLIB_openproblem/blob/b329d3812c5acf51733e0e9f7baabdda7b1008d2/instances/neos-2629914-sudost/README.md,b329d3812c5acf51733e0e9f7baabdda7b1008d2
neos-2978205-isar,Repeated columns and type counts,True,True,named_case_or_family_expansion,-11.925808687,-11.925808687,"Optimal, computational global conclusion; exact symmetry quotient and lift with no portable formal lower-bound trace",not_in_project_primal_table,,,,,,,,"Reassemble as a type count, proof quotient to the original model lift","After validating complete column signatures, search over multiplicities; implement the lift explicitly and check all side rows.",The neighborhood and reconstruction suggestions are structure-based research routes; they do not represent validated speedups.,https://github.com/Huangyc98/MIPLIB_openproblem/blob/b329d3812c5acf51733e0e9f7baabdda7b1008d2/instances/neos-2978205-isar/README.md,b329d3812c5acf51733e0e9f7baabdda7b1008d2
neos-3009394-lami,"Network, matching, and discrete cores",True,True,not_explicitly_mapped_here,5.5,5.5,"Optimal, exact Hall/matching certificate",not_in_project_primal_table,,,1.92857143,5.5,,,,,"Eliminate constructible auxiliary variables while preserving conservation, parity, and connectivity conditions; generate a complete witness from a small core.",The neighborhood and reconstruction suggestions are structure-based research routes; they do not represent validated speedups.,https://github.com/Huangyc98/MIPLIB_openproblem/blob/b329d3812c5acf51733e0e9f7baabdda7b1008d2/instances/neos-3009394-lami/README.md,b329d3812c5acf51733e0e9f7baabdda7b1008d2
neos-3355120-tarago,Selection cores and local coupling,True,True,not_explicitly_mapped_here,"-11,110,906.689290019 (verified @ 1e-9)","-11,123,832.676970437",Feasible; incumbent-centered binary exchange attempted; 0.1163% gap remains,not_in_project_primal_table,,,-11712060.9,-11123832.676970437,-11123832.676970437,Traceable original MPS and runner plus historical global numerical solver evidence,"Accepted under a standard permitting reasonable global numerical solver results. Not all internal cuts or the branch tree were independently checked, and no commercial numerical rerun was performed. API decimals are numerical records, not digit-by-digit exact certificates. Improvement over the old COPT PDF cannot be attributed to a specific parameter and is not proof of a same-budget performance advantage.",,Recover cost/resource blocks from row incidence and run short pilots on structural neighborhoods; do not infer unknown semantics from names.,The neighborhood and reconstruction suggestions are structure-based research routes; they do not represent validated speedups.,https://github.com/Huangyc98/MIPLIB_openproblem/blob/b329d3812c5acf51733e0e9f7baabdda7b1008d2/instances/neos-3355120-tarago/README.md,b329d3812c5acf51733e0e9f7baabdda7b1008d2
neos-3355323-arnon,Finite-domain feasibility and covering repair,True,True,not_explicitly_mapped_here,no feasible witness,no infeasibility certificate,Exact order-CSP/CNF search remains unknown,not_in_project_primal_table,,,,,,,,,Preserve hard quotas or bounds and construct repairs from unsatisfied constraints; retain only a near-feasible label until every constraint is satisfied.,The neighborhood and reconstruction suggestions are structure-based research routes; they do not represent validated speedups.,https://github.com/Huangyc98/MIPLIB_openproblem/blob/b329d3812c5acf51733e0e9f7baabdda7b1008d2/instances/neos-3355323-arnon/README.md,b329d3812c5acf51733e0e9f7baabdda7b1008d2
neos-3594536-henty,"Network, matching, and discrete cores",True,True,not_explicitly_mapped_here,"401,092","401,092 (Gurobi/COPT)","Computational optimum; exact primal audit, no portable exact lower-bound certificate",numeric_improvement,401223,401092,397821.689,401092,401092,Rigorous structural reduction plus historical numerical closure by two solvers,The reduction is rigorous; the value 401092 is supported by historical global solver evidence. Agreement between two solvers and a feasible solution of value 401092 do not constitute an independent exact lower-bound certificate; neither solver was rerun in this audit. Improve-only cutoff branches and the weaker 400947 were not substituted for the original claim.,,"Eliminate constructible auxiliary variables while preserving conservation, parity, and connectivity conditions; generate a complete witness from a small core.",The neighborhood and reconstruction suggestions are structure-based research routes; they do not represent validated speedups.,https://github.com/Huangyc98/MIPLIB_openproblem/blob/b329d3812c5acf51733e0e9f7baabdda7b1008d2/instances/neos-3594536-henty/README.md,b329d3812c5acf51733e0e9f7baabdda7b1008d2
neos-3603137-hoteo,Finite-domain feasibility and covering repair,True,True,not_explicitly_mapped_here,no feasible point,CP and SAT UNKNOWN,Global feasibility open; no UNSAT proof,not_in_project_primal_table,,,,,,,,,Preserve hard quotas or bounds and construct repairs from unsatisfied constraints; retain only a near-feasible label until every constraint is satisfied.,The neighborhood and reconstruction suggestions are structure-based research routes; they do not represent validated speedups.,https://github.com/Huangyc98/MIPLIB_openproblem/blob/b329d3812c5acf51733e0e9f7baabdda7b1008d2/instances/neos-3603137-hoteo/README.md,b329d3812c5acf51733e0e9f7baabdda7b1008d2
neos-3634244-kauru,Equal-cardinality minimax clustering,True,True,not_explicitly_mapped_here,1398.0156859 (strict),no new certified global bound,Equitable-minimax-clustering recovery; no incumbent improvement claimed,not_in_project_primal_table,,,,,,,,,Fix a lower cost threshold and make joint exchanges in the conflict graph that preserve seven points per cluster.,The neighborhood and reconstruction suggestions are structure-based research routes; they do not represent validated speedups.,https://github.com/Huangyc98/MIPLIB_openproblem/blob/b329d3812c5acf51733e0e9f7baabdda7b1008d2/instances/neos-3634244-kauru/README.md,b329d3812c5acf51733e0e9f7baabdda7b1008d2
neos-3691541-lonja,Selection cores and local coupling,True,True,not_explicitly_mapped_here,0.0918239856 (strict),no new certified global bound,Exact subset witnesses plus complete-hint CP-SAT; public lower-valued pattern fails zero-tolerance feasibility; global optimum open,not_in_project_primal_table,,,,,,,,,Recover cost/resource blocks from row incidence and run short pilots on structural neighborhoods; do not infer unknown semantics from names.,The neighborhood and reconstruction suggestions are structure-based research routes; they do not represent validated speedups.,https://github.com/Huangyc98/MIPLIB_openproblem/blob/b329d3812c5acf51733e0e9f7baabdda7b1008d2/instances/neos-3691541-lonja/README.md,b329d3812c5acf51733e0e9f7baabdda7b1008d2
neos-4355351-swalm,"Network, matching, and discrete cores",True,True,named_case_or_family_expansion,33.45763,33.45763,"Optimal, exact state-Steiner DP and zero-violation witness",not_in_project_primal_table,,,,,,,,Find the small state map core and run out of DP; complete the enumeration with global boundaries,"Eliminate constructible auxiliary variables while preserving conservation, parity, and connectivity conditions; generate a complete witness from a small core.",The neighborhood and reconstruction suggestions are structure-based research routes; they do not represent validated speedups.,https://github.com/Huangyc98/MIPLIB_openproblem/blob/b329d3812c5acf51733e0e9f7baabdda7b1008d2/instances/neos-4355351-swalm/README.md,b329d3812c5acf51733e0e9f7baabdda7b1008d2
neos-4360552-sangro,"Network, matching, and discrete cores",True,True,not_explicitly_mapped_here,-8,-8,"Optimal, exact active-layer quotient and A=9 relaxed infeasibility",not_in_project_primal_table,,,-12.0644768,-8,,,,,"Eliminate constructible auxiliary variables while preserving conservation, parity, and connectivity conditions; generate a complete witness from a small core.",The neighborhood and reconstruction suggestions are structure-based research routes; they do not represent validated speedups.,https://github.com/Huangyc98/MIPLIB_openproblem/blob/b329d3812c5acf51733e0e9f7baabdda7b1008d2/instances/neos-4360552-sangro/README.md,b329d3812c5acf51733e0e9f7baabdda7b1008d2
neos-4533806-waima,Selection cores and local coupling,True,True,not_explicitly_mapped_here,"4,870 (exact audit)","3,956 (solver)",Exact aggregation and path-component LNS completed; no improvement; global optimum open,not_in_project_primal_table,,,,,,,,,Recover cost/resource blocks from row incidence and run short pilots on structural neighborhoods; do not infer unknown semantics from names.,The neighborhood and reconstruction suggestions are structure-based research routes; they do not represent validated speedups.,https://github.com/Huangyc98/MIPLIB_openproblem/blob/b329d3812c5acf51733e0e9f7baabdda7b1008d2/instances/neos-4533806-waima/README.md,b329d3812c5acf51733e0e9f7baabdda7b1008d2
neos-5045105-creuse,Selection cores and local coupling,True,True,not_explicitly_mapped_here,20.571410408673 (Gurobi-accepted),19.932229270717,Feasible under solver tolerances; combined observed gap 3.1071%; strict verification and global optimum open,not_in_project_primal_table,,,,,,,,,Recover cost/resource blocks from row incidence and run short pilots on structural neighborhoods; do not infer unknown semantics from names.,The neighborhood and reconstruction suggestions are structure-based research routes; they do not represent validated speedups.,https://github.com/Huangyc98/MIPLIB_openproblem/blob/b329d3812c5acf51733e0e9f7baabdda7b1008d2/instances/neos-5045105-creuse/README.md,b329d3812c5acf51733e0e9f7baabdda7b1008d2
neos-5266653-tugela,Routing with load or time potentials,True,True,not_explicitly_mapped_here,"65,257.573990387 (new strict incumbent)",no new certified global bound,Three-vehicle-block LNS and two exact original-MPS audits; improves MIPLIB by 247.6265848893; global optimum open,numeric_improvement,65505.2005752763,65257.573990387,,,,,,,"After recovering routes, construct assignments and routes first, then complete time, load, and indicator variables; transfer only checked data.","The 18 vehicle blocks are interleaved by column and cannot be treated as contiguous slices; jointly releasing vehicles 3, 11, and 12 succeeded, after which the continuous potentials were repaired.",https://github.com/Huangyc98/MIPLIB_openproblem/blob/b329d3812c5acf51733e0e9f7baabdda7b1008d2/instances/neos-5266653-tugela/README.md,b329d3812c5acf51733e0e9f7baabdda7b1008d2
nj1,Population-balanced connected partitioning,True,True,not_explicitly_mapped_here,382.0606208032 (improved first strict incumbent),no new nontrivial strict global lower bound,"Tree/compound search, 21 pair, 39 anchor-fixed triple, and 67 anchor-fixed quad closures, plus a zero-tolerance audit; global optimum open",first_finite,=unkn=,382.0606208032,,,,,,,Use regional recombination and compound kicks followed by local descent; remove old anchors or expand the joint regional scope.,Shares the underlying 595-unit partition with nj2/nj3; these three results are not three independent discoveries.,https://github.com/Huangyc98/MIPLIB_openproblem/blob/b329d3812c5acf51733e0e9f7baabdda7b1008d2/instances/nj1/README.md,b329d3812c5acf51733e0e9f7baabdda7b1008d2
nj2,Population-balanced connected partitioning,True,True,not_explicitly_mapped_here,382.0606208032 (improved first strict incumbent),no new nontrivial strict global lower bound,"Exact lift, local-neighborhood closures, and zero-tolerance audit; global optimum open",first_finite,=unkn=,382.0606208032,,,,,,,Use regional recombination and compound kicks followed by local descent; remove old anchors or expand the joint regional scope.,"For the same partition, regenerate the root/flow variables and verify the additional label constraints.",https://github.com/Huangyc98/MIPLIB_openproblem/blob/b329d3812c5acf51733e0e9f7baabdda7b1008d2/instances/nj2/README.md,b329d3812c5acf51733e0e9f7baabdda7b1008d2
nj3,Population-balanced connected partitioning,True,True,not_explicitly_mapped_here,382.0606208032 (first strict incumbent),no new nontrivial strict global lower bound,"Exact nj2 -> nj3 projection, label anchoring, local-neighborhood closures, and zero-tolerance audit; global optimum open",first_finite,=unkn=,382.0606208032,,,,,,,Use regional recombination and compound kicks followed by local descent; remove old anchors or expand the joint regional scope.,"At the current center 382.0606208032, 21 pairs, 39 anchored triples, and 67 anchored quads are closed; the next step is to change the union, anchor, or larger structure.",https://github.com/Huangyc98/MIPLIB_openproblem/blob/b329d3812c5acf51733e0e9f7baabdda7b1008d2/instances/nj3/README.md,b329d3812c5acf51733e0e9f7baabdda7b1008d2
ns1631475,"Network, matching, and discrete cores",True,True,named_case_or_family_expansion,"11,100","11,100","Optimal, exact cyclic-cutwidth enumeration and audited witness",not_in_project_primal_table,,,1659,11100,,,,Find the small state map core and run out of DP; complete the enumeration with global boundaries,"Eliminate constructible auxiliary variables while preserving conservation, parity, and connectivity conditions; generate a complete witness from a small core.",The neighborhood and reconstruction suggestions are structure-based research routes; they do not represent validated speedups.,https://github.com/Huangyc98/MIPLIB_openproblem/blob/b329d3812c5acf51733e0e9f7baabdda7b1008d2/instances/ns1631475/README.md,b329d3812c5acf51733e0e9f7baabdda7b1008d2
ns1828997,Selection cores and local coupling,True,True,not_explicitly_mapped_here,8,no new lower-bound-8 certificate,Exact 375-choice projection and cutoff-7 CNF; exact search remains unknown,not_in_project_primal_table,,,,,,,,,Recover cost/resource blocks from row incidence and run short pilots on structural neighborhoods; do not infer unknown semantics from names.,The neighborhood and reconstruction suggestions are structure-based research routes; they do not represent validated speedups.,https://github.com/Huangyc98/MIPLIB_openproblem/blob/b329d3812c5acf51733e0e9f7baabdda7b1008d2/instances/ns1828997/README.md,b329d3812c5acf51733e0e9f7baabdda7b1008d2
ns1905797,Routing with load or time potentials,True,True,not_explicitly_mapped_here,13.98258 (new strict incumbent),"12.38858 (COPT, numerical)",Serialized file passes zero-tolerance Fraction audit; 11.40% numerical gap; global optimum open,first_finite,=unkn=,13.98258,,,,,,,"After recovering routes, construct assignments and routes first, then complete time, load, and indicator variables; transfer only checked data.","The LP allocation 19/8/9/24 was imbalanced. After changing it to 20/11/11/18, blockwise construction and the warm start improved; block solutions from different allocations must not be mixed.",https://github.com/Huangyc98/MIPLIB_openproblem/blob/b329d3812c5acf51733e0e9f7baabdda7b1008d2/instances/ns1905797/README.md,b329d3812c5acf51733e0e9f7baabdda7b1008d2
ns2122698,Selection cores and local coupling,True,True,not_explicitly_mapped_here,"68,750 (strict repair)","62,785.565316 (strict)",Exact primal/dual interval; global optimum open,not_in_project_primal_table,,,,,,,,,Recover cost/resource blocks from row incidence and run short pilots on structural neighborhoods; do not infer unknown semantics from names.,The neighborhood and reconstruction suggestions are structure-based research routes; they do not represent validated speedups.,https://github.com/Huangyc98/MIPLIB_openproblem/blob/b329d3812c5acf51733e0e9f7baabdda7b1008d2/instances/ns2122698/README.md,b329d3812c5acf51733e0e9f7baabdda7b1008d2
pb-gfrd-pnc,Repeated columns and type counts,True,True,not_explicitly_mapped_here,"8,844 (strict)","8,566 (solver)","Exact identical-column quotient removes 9,944 variables; 3.1434% numerical gap; global optimum open",not_in_project_primal_table,,,,,,,,,"After validating complete column signatures, search over multiplicities; implement the lift explicitly and check all side rows.",The neighborhood and reconstruction suggestions are structure-based research routes; they do not represent validated speedups.,https://github.com/Huangyc98/MIPLIB_openproblem/blob/b329d3812c5acf51733e0e9f7baabdda7b1008d2/instances/pb-gfrd-pnc/README.md,b329d3812c5acf51733e0e9f7baabdda7b1008d2
pb-grow22,Repeated columns and type counts,True,True,not_explicitly_mapped_here,-449536,-449546 (solver),Exact symmetry quotient; numerical 10-unit interval without portable cutoff proof; global optimum open,not_in_project_primal_table,,,,,,,,,"After validating complete column signatures, search over multiplicities; implement the lift explicitly and check all side rows.",The neighborhood and reconstruction suggestions are structure-based research routes; they do not represent validated speedups.,https://github.com/Huangyc98/MIPLIB_openproblem/blob/b329d3812c5acf51733e0e9f7baabdda7b1008d2/instances/pb-grow22/README.md,b329d3812c5acf51733e0e9f7baabdda7b1008d2
polygonpack4-15,"Layout, packing, and geometric relations",True,True,not_explicitly_mapped_here,"-63,613,612.411253203798895776945039... (strict repair)",no new global lower bound,"Exact recovered geometry, radius/object neighborhoods and mask screening; no MIPLIB headline improvement; global optimum open",not_in_project_primal_table,,,,,,,,,"Search over objects, orientations, and relative orders rather than auxiliary bits; move critical paths jointly and back-substitute every geometric row.",The neighborhood and reconstruction suggestions are structure-based research routes; they do not represent validated speedups.,https://github.com/Huangyc98/MIPLIB_openproblem/blob/b329d3812c5acf51733e0e9f7baabdda7b1008d2/instances/polygonpack4-15/README.md,b329d3812c5acf51733e0e9f7baabdda7b1008d2
polygonpack4-7,"Layout, packing, and geometric relations",True,True,not_explicitly_mapped_here,"-51,837,707.95034043267785954996 (strict repair)",no new global lower bound,Full submitted-MPS geometry audit; no strict incumbent improvement; global optimum open,not_in_project_primal_table,,,,,,,,,"Search over objects, orientations, and relative orders rather than auxiliary bits; move critical paths jointly and back-substitute every geometric row.",The neighborhood and reconstruction suggestions are structure-based research routes; they do not represent validated speedups.,https://github.com/Huangyc98/MIPLIB_openproblem/blob/b329d3812c5acf51733e0e9f7baabdda7b1008d2/instances/polygonpack4-7/README.md,b329d3812c5acf51733e0e9f7baabdda7b1008d2
polygonpack5-15,"Layout, packing, and geometric relations",True,True,not_explicitly_mapped_here,"-55,494,687.647606651289167114364938... (strict repair)",no new global lower bound,Improves the only audited official literal-zero solution but not the MIPLIB tolerance headline; global optimum open,not_in_project_primal_table,,,,,,,,,"Search over objects, orientations, and relative orders rather than auxiliary bits; move critical paths jointly and back-substitute every geometric row.",The neighborhood and reconstruction suggestions are structure-based research routes; they do not represent validated speedups.,https://github.com/Huangyc98/MIPLIB_openproblem/blob/b329d3812c5acf51733e0e9f7baabdda7b1008d2/instances/polygonpack5-15/README.md,b329d3812c5acf51733e0e9f7baabdda7b1008d2
pythago7825,Finite-domain feasibility and covering repair,True,True,not_explicitly_mapped_here,—,published UNSAT theorem,"Infeasible, exact encoding/core crosswalk + published theorem; proof archive not replayed locally",not_in_project_primal_table,,,,,,,,,Preserve hard quotas or bounds and construct repairs from unsatisfied constraints; retain only a near-feasible label until every constraint is satisfied.,The neighborhood and reconstruction suggestions are structure-based research routes; they do not represent validated speedups.,https://github.com/Huangyc98/MIPLIB_openproblem/blob/b329d3812c5acf51733e0e9f7baabdda7b1008d2/instances/pythago7825/README.md,b329d3812c5acf51733e0e9f7baabdda7b1008d2
ramos3,Support exchanges for covering and partitioning,True,True,not_explicitly_mapped_here,186,156 (covering-code bound),Feasible; strict local optimality proved to bit radius 7; global optimum open,not_in_project_primal_table,,,146.482178,156,156,Local exact combinatorial proof plus exhaustive finite checking,"The exact global lower bound 156 passed the audit. It is not extrapolated directly from a local exclusion, and optimality at 156 is not claimed.",,"After deduplication and dominance reduction, make multi-remove/multi-add moves around private-row/owner conflicts; lift the result back to the original columns.",The neighborhood and reconstruction suggestions are structure-based research routes; they do not represent validated speedups.,https://github.com/Huangyc98/MIPLIB_openproblem/blob/b329d3812c5acf51733e0e9f7baabdda7b1008d2/instances/ramos3/README.md,b329d3812c5acf51733e0e9f7baabdda7b1008d2
rmine11,Mining precedence and interperiod capacity,True,True,named_case_or_family_expansion,-2508.404143999999991662 (strict),-2521.353274311517894 (portable exact),"394 pair, 70 clique and 5 genuine triple-cover cuts plus flow=cut certificate; global optimum open",not_in_project_primal_table,,,,,,,,"Closed/path core with few resources; min-cut/DP, Lagrangian day with valid certificate",Use mining times as the state and jointly release consecutive periods and the precedence closure; explicitly record restrictions used when updating the final pit.,The neighborhood and reconstruction suggestions are structure-based research routes; they do not represent validated speedups.,https://github.com/Huangyc98/MIPLIB_openproblem/blob/b329d3812c5acf51733e0e9f7baabdda7b1008d2/instances/rmine11/README.md,b329d3812c5acf51733e0e9f7baabdda7b1008d2
rmine13,Mining precedence and interperiod capacity,True,True,named_case_or_family_expansion,-3495.3706609999999806509 (strict repair),-3504.689959073912780 (portable exact),Rounded public tolerance vector and closure flow=cut certificate; structured neighborhoods tested; global optimum open,not_in_project_primal_table,,,,,,,,"Closed/path core with few resources; min-cut/DP, Lagrangian day with valid certificate",Use mining times as the state and jointly release consecutive periods and the precedence closure; explicitly record restrictions used when updating the final pit.,The neighborhood and reconstruction suggestions are structure-based research routes; they do not represent validated speedups.,https://github.com/Huangyc98/MIPLIB_openproblem/blob/b329d3812c5acf51733e0e9f7baabdda7b1008d2/instances/rmine13/README.md,b329d3812c5acf51733e0e9f7baabdda7b1008d2
rmine15,Mining precedence and interperiod capacity,True,True,named_case_or_family_expansion,-5018.823005000000004879 (new strict incumbent),-5042.036233392018593 (portable exact),34-block exchange; 121 pair and 61 clique cuts; exact primal and flow=cut audits; global optimum open,numeric_improvement,-5018.819990999996,-5018.823005000000004879,,,,,,"Closed/path core with few resources; min-cut/DP, Lagrangian day with valid certificate",Use mining times as the state and jointly release consecutive periods and the precedence closure; explicitly record restrictions used when updating the final pit.,"Across periods [7,9], 34 mining blocks and 35 bits changed jointly; the three-period closure around the new point applies only with the variables outside the window and the final pit fixed.",https://github.com/Huangyc98/MIPLIB_openproblem/blob/b329d3812c5acf51733e0e9f7baabdda7b1008d2/instances/rmine15/README.md,b329d3812c5acf51733e0e9f7baabdda7b1008d2
rmine21,Mining precedence and interperiod capacity,True,True,named_case_or_family_expansion,-10618.7507269999999491342 (strict repair),-10679.232567260660741 (portable exact),"Exact 1,441,651-row primal replay and closure flow=cut certificate; global optimum open",not_in_project_primal_table,,,,,,,,"Closed/path core with few resources; min-cut/DP, Lagrangian day with valid certificate",Use mining times as the state and jointly release consecutive periods and the precedence closure; explicitly record restrictions used when updating the final pit.,The neighborhood and reconstruction suggestions are structure-based research routes; they do not represent validated speedups.,https://github.com/Huangyc98/MIPLIB_openproblem/blob/b329d3812c5acf51733e0e9f7baabdda7b1008d2/instances/rmine21/README.md,b329d3812c5acf51733e0e9f7baabdda7b1008d2
rmine25,Mining precedence and interperiod capacity,True,True,named_case_or_family_expansion,-15541.66927699999998289011 (strict repair),-15667.918862520611901 (portable exact),"Exact 2,953,849-row primal replay and cross-host closure certificate verification; global optimum open",not_in_project_primal_table,,,,,,,,"Closed/path core with few resources; min-cut/DP, Lagrangian day with valid certificate",Use mining times as the state and jointly release consecutive periods and the precedence closure; explicitly record restrictions used when updating the final pit.,The neighborhood and reconstruction suggestions are structure-based research routes; they do not represent validated speedups.,https://github.com/Huangyc98/MIPLIB_openproblem/blob/b329d3812c5acf51733e0e9f7baabdda7b1008d2/instances/rmine25/README.md,b329d3812c5acf51733e0e9f7baabdda7b1008d2
s82,Time selection and scheduling,True,True,not_explicitly_mapped_here,-33.7970576238223 (strict public point),exact structural bound max sum(A8)=36,Full objective open; high-level acceptance count globally optimal and line 4 conditionally optimal,not_in_project_primal_table,,,,,,,,,"Search only over selected jobs, their order, and resource assignments; try matching or CP while retaining the full deadline semantics.",The neighborhood and reconstruction suggestions are structure-based research routes; they do not represent validated speedups.,https://github.com/Huangyc98/MIPLIB_openproblem/blob/b329d3812c5acf51733e0e9f7baabdda7b1008d2/instances/s82/README.md,b329d3812c5acf51733e0e9f7baabdda7b1008d2
scpj4scip,Support exchanges for covering and partitioning,True,True,not_explicitly_mapped_here,128,107 (strict),Exact branch/dual certificates improved the lower bound; global optimum open; experiments paused,not_in_project_primal_table,,,,,,,,,"After deduplication and dominance reduction, make multi-remove/multi-add moves around private-row/owner conflicts; lift the result back to the original columns.",The neighborhood and reconstruction suggestions are structure-based research routes; they do not represent validated speedups.,https://github.com/Huangyc98/MIPLIB_openproblem/blob/b329d3812c5acf51733e0e9f7baabdda7b1008d2/instances/scpj4scip/README.md,b329d3812c5acf51733e0e9f7baabdda7b1008d2
scpk4,Support exchanges for covering and partitioning,True,True,not_explicitly_mapped_here,318,283 (strict),Exact domination and independently replayed target-282 branch/dual certificate; global optimum open,not_in_project_primal_table,,,,,,,,,"After deduplication and dominance reduction, make multi-remove/multi-add moves around private-row/owner conflicts; lift the result back to the original columns.",The neighborhood and reconstruction suggestions are structure-based research routes; they do not represent validated speedups.,https://github.com/Huangyc98/MIPLIB_openproblem/blob/b329d3812c5acf51733e0e9f7baabdda7b1008d2/instances/scpk4/README.md,b329d3812c5acf51733e0e9f7baabdda7b1008d2
scpl4,Support exchanges for covering and partitioning,True,True,not_explicitly_mapped_here,259,214 (portable strict),Complete target-213 exact branch/dual replay; COPT terminal exclusion corroborates; global optimum open,not_in_project_primal_table,,,,,,,,,"After deduplication and dominance reduction, make multi-remove/multi-add moves around private-row/owner conflicts; lift the result back to the original columns.",The neighborhood and reconstruction suggestions are structure-based research routes; they do not represent validated speedups.,https://github.com/Huangyc98/MIPLIB_openproblem/blob/b329d3812c5acf51733e0e9f7baabdda7b1008d2/instances/scpl4/README.md,b329d3812c5acf51733e0e9f7baabdda7b1008d2
set3-09,Multiperiod production and inventory recourse,True,True,not_explicitly_mapped_here,176497.152425682499961401493852... (strict repair),no new certified global bound,BOM-aware Decimal reconstruction and period/item/Hamming neighborhoods; global optimum open,not_in_project_primal_table,,,,,,,,,"Jointly release BOM- and equipment-related items and multi-period setups; after fixing the integers, recompute the inventory and demand rows.",The neighborhood and reconstruction suggestions are structure-based research routes; they do not represent validated speedups.,https://github.com/Huangyc98/MIPLIB_openproblem/blob/b329d3812c5acf51733e0e9f7baabdda7b1008d2/instances/set3-09/README.md,b329d3812c5acf51733e0e9f7baabdda7b1008d2
shs1042,Inventory routing and cargo-vehicle coupling,True,True,not_explicitly_mapped_here,"11,070.7016616034 (strict repair)","10,905.7397762548 (solver)",1.4901% local reproducible gap; article partition and truck-radius-2 neighborhoods closed; global optimum open,not_in_project_primal_table,,,,,,,,,"Jointly change trips, loads, and multi-period inventory; use historical routes only as candidates and recomplete them.",The neighborhood and reconstruction suggestions are structure-based research routes; they do not represent validated speedups.,https://github.com/Huangyc98/MIPLIB_openproblem/blob/b329d3812c5acf51733e0e9f7baabdda7b1008d2/instances/shs1042/README.md,b329d3812c5acf51733e0e9f7baabdda7b1008d2
siena1,Selection cores and local coupling,True,True,not_explicitly_mapped_here,"10,449,008.9 (verified @ 1e-9)","10,219,502.195349596",Feasible; structure-specific decomposition attempts tested; global optimum open,not_in_project_primal_table,,,10214130.1,10219502.195349596,10219502.195349596,Traceable original MPS and runner plus historical global numerical solver evidence,"Accepted under a standard permitting reasonable global numerical solver results. Not all internal cuts or the branch tree were independently checked, and no commercial numerical rerun was performed. API decimals are numerical records, not digit-by-digit exact certificates. Improvement over the old COPT PDF cannot be attributed to a specific parameter and is not proof of a same-budget performance advantage.",,Recover cost/resource blocks from row incidence and run short pilots on structural neighborhoods; do not infer unknown semantics from names.,The neighborhood and reconstruction suggestions are structure-based research routes; they do not represent validated speedups.,https://github.com/Huangyc98/MIPLIB_openproblem/blob/b329d3812c5acf51733e0e9f7baabdda7b1008d2/instances/siena1/README.md,b329d3812c5acf51733e0e9f7baabdda7b1008d2
sing11,Unit commitment with demand and reserve coupling,True,True,named_case_or_family_expansion,"19,108,639.4603941927675439822 (strict repair)","18,853,382.0323116 (solver; 1.3358% gap)","1,200 s root-cut LB improves archived PDF-only LB by about 76,817.9; 74/74 blocks and 6 selected groups closed conditionally; global optimum open",not_in_project_primal_table,,,18776564.1,18853382.0323116,18853382.0323116,Original MPS plus historical global numerical solver evidence at the root node,Accepted under the numerical solver standard; optimality is not claimed. The Gurobi 13.0.2 root LP solve was not replayed. Neither the root-cut count nor an old multiplier file is presented as a complete exact dual certificate.,Local block ease of solution does not mean global integration has disappeared; change structure scale after closing small neighborhoods,Use LP fractionality and incumbent differences to jointly release multiple units and time periods; avoid repeated single-unit scans.,The neighborhood and reconstruction suggestions are structure-based research routes; they do not represent validated speedups.,https://github.com/Huangyc98/MIPLIB_openproblem/blob/b329d3812c5acf51733e0e9f7baabdda7b1008d2/instances/sing11/README.md,b329d3812c5acf51733e0e9f7baabdda7b1008d2
sing17,Unit commitment with demand and reserve coupling,True,True,named_case_or_family_expansion,"36,161,699.3779386893546367410 (strict numerical polish)","35,556,219.47983733 (locally reproducible solver LB; 1.6744% gap)","Same integer pattern and only 0.000893823 lower; 50/50 blocks closed conditionally; archived PDF-only LB 35,599,182.4 is stronger; global optimum open",numerical_polish,36161699.37883251,36161699.3779386893546367410,,,,,,Local block ease of solution does not mean global integration has disappeared; change structure scale after closing small neighborhoods,Use LP fractionality and incumbent differences to jointly release multiple units and time periods; avoid repeated single-unit scans.,The integer signature is unchanged and the relative polishing is about 2.47e-11; this should not be recorded as a new discrete design.,https://github.com/Huangyc98/MIPLIB_openproblem/blob/b329d3812c5acf51733e0e9f7baabdda7b1008d2/instances/sing17/README.md,b329d3812c5acf51733e0e9f7baabdda7b1008d2
sing5,Unit commitment with demand and reserve coupling,True,True,named_case_or_family_expansion,"18,778,435.60767737 (strict)","18,462,676.77864 (locally reproducible solver LB; 1.6815% gap)","Imported run improves the prior local LB by 19,778.272826703; archived PDF-only LB 18,605,207.3 remains stronger; runtime metadata is inconsistent; global optimum open",not_in_project_primal_table,,,,,,,,Local block ease of solution does not mean global integration has disappeared; change structure scale after closing small neighborhoods,Use LP fractionality and incumbent differences to jointly release multiple units and time periods; avoid repeated single-unit scans.,The neighborhood and reconstruction suggestions are structure-based research routes; they do not represent validated speedups.,https://github.com/Huangyc98/MIPLIB_openproblem/blob/b329d3812c5acf51733e0e9f7baabdda7b1008d2/instances/sing5/README.md,b329d3812c5acf51733e0e9f7baabdda7b1008d2
sorrell7,Conflict graphs and code constructions,True,True,not_explicitly_mapped_here,-198 (code size 198),-210 published; -216 study solver,Feasible; any improvement must change at least 27 bits; global optimum open,not_in_project_primal_table,,,-223.02692,-210,-210,Local exact combinatorial proof plus checking against the complete model,The exact global lower bound -210 passed the audit. Neither a feasible set of 210 strings nor closure of the original optimum is claimed.,,"Beyond the excluded small exchanges, use ejection chains or large-support replacements while maintaining conflict feasibility.","Any larger independent set must remove at least 13 old vertices and add 14, changing at least 27 bits; do not repeat small exchanges.",https://github.com/Huangyc98/MIPLIB_openproblem/blob/b329d3812c5acf51733e0e9f7baabdda7b1008d2/instances/sorrell7/README.md,b329d3812c5acf51733e0e9f7baabdda7b1008d2
supportcase30,Finite-domain feasibility and covering repair,True,True,not_explicitly_mapped_here,"no feasible point; best partial 987/1,024",37 covering rows remain,Global feasibility open,not_in_project_primal_table,,,,,,,,,Preserve hard quotas or bounds and construct repairs from unsatisfied constraints; retain only a near-feasible label until every constraint is satisfied.,Coverage of 987/1024 is only partial; the remaining 37 rows are unsatisfied.,https://github.com/Huangyc98/MIPLIB_openproblem/blob/b329d3812c5acf51733e0e9f7baabdda7b1008d2/instances/supportcase30/README.md,b329d3812c5acf51733e0e9f7baabdda7b1008d2
supportcase39,Gaussian-projection pixel control,True,True,not_explicitly_mapped_here,"-1,085,083.856820570460","-1,085,325.230699 root",New strict incumbent from Gaussian-boundary block search; global optimum open,numeric_improvement,-1085080.906934894,-1085083.856820570460,,,,,,,"Center the search on unsaturated boundary controls, expand the geometric window incrementally, and evaluate each increment exactly.","Single-point moves, 4220 two-point candidates, and windows of size 5/7/9 gave no improvement; 11×11 succeeded. A 13×13 timeout does not mean infeasibility.",https://github.com/Huangyc98/MIPLIB_openproblem/blob/b329d3812c5acf51733e0e9f7baabdda7b1008d2/instances/supportcase39/README.md,b329d3812c5acf51733e0e9f7baabdda7b1008d2
t1722,Support exchanges for covering and partitioning,True,True,not_explicitly_mapped_here,"108,953 (strict)",no new bound,Exact connected exchanges through five blocks and association-guided repair completed; global optimum open,not_in_project_primal_table,,,,,,,,,"After deduplication and dominance reduction, make multi-remove/multi-add moves around private-row/owner conflicts; lift the result back to the original columns.","All connected exchanges of size at most 5 were excluded. Another 84 repairs over 6-12 blocks gave no improvement, but they did not cover every large neighborhood.",https://github.com/Huangyc98/MIPLIB_openproblem/blob/b329d3812c5acf51733e0e9f7baabdda7b1008d2/instances/t1722/README.md,b329d3812c5acf51733e0e9f7baabdda7b1008d2
tokyometro,"Layout, packing, and geometric relations",True,True,not_explicitly_mapped_here,"8,263.1 (strict)","7,117.5 (solver)",Translation and impossible-direction audit; 13.864% numerical gap; global optimum open,not_in_project_primal_table,,,,,,,,,"Search over objects, orientations, and relative orders rather than auxiliary bits; move critical paths jointly and back-substitute every geometric row.",The neighborhood and reconstruction suggestions are structure-based research routes; they do not represent validated speedups.,https://github.com/Huangyc98/MIPLIB_openproblem/blob/b329d3812c5acf51733e0e9f7baabdda7b1008d2/instances/tokyometro/README.md,b329d3812c5acf51733e0e9f7baabdda7b1008d2
xmas10-2,"Network, matching, and discrete cores",True,True,not_explicitly_mapped_here,-497 (497 cells),511 cells official; 515 study solver,Best known path reproduced; extensive cell-projection/LNS search; global optimum open,not_in_project_primal_table,,,,,,,,,"Eliminate constructible auxiliary variables while preserving conservation, parity, and connectivity conditions; generate a complete witness from a small core.",The neighborhood and reconstruction suggestions are structure-based research routes; they do not represent validated speedups.,https://github.com/Huangyc98/MIPLIB_openproblem/blob/b329d3812c5acf51733e0e9f7baabdda7b1008d2/instances/xmas10-2/README.md,b329d3812c5acf51733e0e9f7baabdda7b1008d2
z26,Conflict graphs and code constructions,True,True,not_explicitly_mapped_here,"-1,198","-1,646 (strict)",Exact MPS-to-MIS interval; global optimum open,not_in_project_primal_table,,,,,,,,,"Beyond the excluded small exchanges, use ejection chains or large-support replacements while maintaining conflict feasibility.",The neighborhood and reconstruction suggestions are structure-based research routes; they do not represent validated speedups.,https://github.com/Huangyc98/MIPLIB_openproblem/blob/b329d3812c5acf51733e0e9f7baabdda7b1008d2/instances/z26/README.md,b329d3812c5acf51733e0e9f7baabdda7b1008d2
