instance,portfolio,backend_scope,direct_gurobi_primal,direct_gurobi_dual,direct_gurobi_gap_fraction,portfolio_gap_fraction,gap_reduction_pp,verdict,direct_gurobi_runtime_seconds
graphdraw-grafo2,three_skills,all_available,127956.5,36514.21542626445,0.714635712712801225416450121721053639322738586941655953390410022155967066932902978746683443,0.219811781514932825974442524839445695832513248919310983299436510887076198598931338888038431,49.4823931197868399442007596881607943490225338022344970090973511268890868333971639858645012,win,9000.030121088028
graphdraw-grafo2,three_skills,gurobi_only,127956.5,36514.21542626445,0.714635712712801225416450121721053639322738586941655953390410022155967066932902978746683443,0.219855519350347351309583688703246076351681355289726711425051574197592961124353955722731282,49.4780193362453874106866433017807562971057231651929241965358447958374105808549023023952161,win,9000.030121088028
graphdraw-grafo2,primal_dual,all_available,127956.5,36514.21542626445,0.714635712712801225416450121721053639322738586941655953390410022155967066932902978746683443,0.219811781514932825974442524839445695832513248919310983299436510887076198598931338888038431,49.4823931197868399442007596881607943490225338022344970090973511268890868333971639858645012,win,9000.030121088028
graphdraw-grafo2,primal_dual,gurobi_only,127956.5,36514.21542626445,0.714635712712801225416450121721053639322738586941655953390410022155967066932902978746683443,0.219855519350347351309583688703246076351681355289726711425051574197592961124353955722731282,49.4780193362453874106866433017807562971057231651929241965358447958374105808549023023952161,win,9000.030121088028
polygonpack4-10,three_skills,all_available,-51836833.79437952,-93676771.6421677,0.446641543195051070686279339782693564600227027636027187413793158188762711837986852612983535,0.299611616495758239252274117880966189438506709904447036709678015014679893275277017914641155,14.7029926699292831434005221901727375161720317731580150704115143174082818562709834698342380,win,9000.442174911499
polygonpack4-10,three_skills,gurobi_only,-51836833.79437952,-93676771.6421677,0.446641543195051070686279339782693564600227027636027187413793158188762711837986852612983535,0.299611616495758239252274117880966189438506709904447036709678015014679893275277017914641155,14.7029926699292831434005221901727375161720317731580150704115143174082818562709834698342380,win,9000.442174911499
polygonpack4-10,primal_dual,all_available,-51836833.79437952,-93676771.6421677,0.446641543195051070686279339782693564600227027636027187413793158188762711837986852612983535,0.299611616495758239252274117880966189438506709904447036709678015014679893275277017914641155,14.7029926699292831434005221901727375161720317731580150704115143174082818562709834698342380,win,9000.442174911499
polygonpack4-10,primal_dual,gurobi_only,-51836833.79437952,-93676771.6421677,0.446641543195051070686279339782693564600227027636027187413793158188762711837986852612983535,0.299611616495758239252274117880966189438506709904447036709678015014679893275277017914641155,14.7029926699292831434005221901727375161720317731580150704115143174082818562709834698342380,win,9000.442174911499
scpm1,three_skills,all_available,590.0,415.0,0.296610169491525423728813559322033898305084745762711864406779661016949152542372881355932203,0.225325884543761638733705772811918063314711359404096834264432029795158286778398510242085661,7.12842849477637849951077865101158349903733863586150301423476312217908657639743711138465424,win,9000.315874814987
scpm1,three_skills,gurobi_only,590.0,415.0,0.296610169491525423728813559322033898305084745762711864406779661016949152542372881355932203,0.225325884543761638733705772811918063314711359404096834264432029795158286778398510242085661,7.12842849477637849951077865101158349903733863586150301423476312217908657639743711138465424,win,9000.315874814987
scpm1,primal_dual,all_available,590.0,415.0,0.296610169491525423728813559322033898305084745762711864406779661016949152542372881355932203,0.225325884543761638733705772811918063314711359404096834264432029795158286778398510242085661,7.12842849477637849951077865101158349903733863586150301423476312217908657639743711138465424,win,9000.315874814987
scpm1,primal_dual,gurobi_only,590.0,415.0,0.296610169491525423728813559322033898305084745762711864406779661016949152542372881355932203,0.225325884543761638733705772811918063314711359404096834264432029795158286778398510242085661,7.12842849477637849951077865101158349903733863586150301423476312217908657639743711138465424,win,9000.315874814987
ger50-17-trans-dfn-3t,three_skills,all_available,4002.3268,3931.2645220703394,0.0177552412585750369010346681335467158753752941913688807220839637582818074725931925398995404,0.00884715687634386531013642308342175740659185349268170278202765479871832136739082175262629860,0.890808438223117159089824505012495846878344069868717794005630895956348610520237078727324184,win,9000.046382904053
ger50-17-trans-dfn-3t,three_skills,gurobi_only,4002.3268,3931.2645220703394,0.0177552412585750369010346681335467158753752941913688807220839637582818074725931925398995404,0.00884715687634386531013642308342175740659185349268170278202765479871832136739082175262629860,0.890808438223117159089824505012495846878344069868717794005630895956348610520237078727324184,win,9000.046382904053
ger50-17-trans-dfn-3t,primal_dual,all_available,4002.3268,3931.2645220703394,0.0177552412585750369010346681335467158753752941913688807220839637582818074725931925398995404,0.00884715687634411500643895423462703770266053588403826097699485271625920213197178216921336934,0.890808438223092189459571389891967817271475830733061974508911104202260534062141037068617110,win,9000.046382904053
ger50-17-trans-dfn-3t,primal_dual,gurobi_only,4002.3268,3931.2645220703394,0.0177552412585750369010346681335467158753752941913688807220839637582818074725931925398995404,0.00884715687634411500643895423462703770266053588403826097699485271625920213197178216921336934,0.890808438223092189459571389891967817271475830733061974508911104202260534062141037068617110,win,9000.046382904053
eva1aprime6x6opt,three_skills,all_available,-13.360636598750812,-146.8016705334812,0.908988524788594700656680218828801122241651493100705676432998445383572746540534252016751162,0.812820158347866051530633019502592333427922327891635731287433724882480127768260623173608665,9.61683664407286491260471993262087888137291652090699451455647205010926187722736288431424973,win,9000.027134180069
eva1aprime6x6opt,three_skills,gurobi_only,-13.360636598750812,-146.8016705334812,0.908988524788594700656680218828801122241651493100705676432998445383572746540534252016751162,0.812820158347866051530633019502592333427922327891635731287433724882480127768260623173608665,9.61683664407286491260471993262087888137291652090699451455647205010926187722736288431424973,win,9000.027134180069
eva1aprime6x6opt,primal_dual,all_available,-13.360636598750812,-146.8016705334812,0.908988524788594700656680218828801122241651493100705676432998445383572746540534252016751162,0.812820222625271190703449995214443264074927743667883474010352455632847841879113737173839813,9.61683021633235099532302236143578581667237494328222024226459897507249046614205148429113493,win,9000.027134180069
eva1aprime6x6opt,primal_dual,gurobi_only,-13.360636598750812,-146.8016705334812,0.908988524788594700656680218828801122241651493100705676432998445383572746540534252016751162,0.812820222625271190703449995214443264074927743667883474010352455632847841879113737173839813,9.61683021633235099532302236143578581667237494328222024226459897507249046614205148429113493,win,9000.027134180069
cmflsp60-36-2-6,three_skills,all_available,73891245.6476,73343236.85847329,0.00741642374984795532405042210541920960366170390915297946911749146735195117828744686790768525,0.0113196817293820641821503464189746501801454173291784101282975964873770358690664701172100700,-0.390325797953410885809992431355544057648371342002543065918010502002508469077902324930238475,loss,9000.042469978333
cmflsp60-36-2-6,three_skills,gurobi_only,73891245.6476,73343236.85847329,0.00741642374984795532405042210541920960366170390915297946911749146735195117828744686790768525,0.0113196817293820641821503464189746501801454173291784101282975964873770358690664701172100700,-0.390325797953410885809992431355544057648371342002543065918010502002508469077902324930238475,loss,9000.042469978333
cmflsp60-36-2-6,primal_dual,all_available,73891245.6476,73343236.85847329,0.00741642374984795532405042210541920960366170390915297946911749146735195117828744686790768525,0.0113196956767198407651656712426059375132192367875546547433424138655145237059174392792103905,-0.390327192687188544111524913718672790955753287840167527422492239816257252762999241130270525,loss,9000.042469978333
cmflsp60-36-2-6,primal_dual,gurobi_only,73891245.6476,73343236.85847329,0.00741642374984795532405042210541920960366170390915297946911749146735195117828744686790768525,0.0113196956767198407651656712426059375132192367875546547433424138655145237059174392792103905,-0.390327192687188544111524913718672790955753287840167527422492239816257252762999241130270525,loss,9000.042469978333
r4l4-02-tree-bounds-50,three_skills,all_available,502956319.0,479472583.1465966,0.0466914023470165408141536839901995544865596966483286195674579048285105649502735445302159530,0.0306698874194142502364012701002194309135165441214593623003165311891830224779654118915486963,1.60215149276022905777524138899801235730431525268692572671413736393275424723081326386672567,win,9000.011729001999
r4l4-02-tree-bounds-50,three_skills,gurobi_only,502956319.0,479472583.1465966,0.0466914023470165408141536839901995544865596966483286195674579048285105649502735445302159530,0.0306698874194142502364012701002194309135165441214593623003165311891830224779654118915486963,1.60215149276022905777524138899801235730431525268692572671413736393275424723081326386672567,win,9000.011729001999
r4l4-02-tree-bounds-50,primal_dual,all_available,502956319.0,479472583.1465966,0.0466914023470165408141536839901995544865596966483286195674579048285105649502735445302159530,0.0306698874194142502364012701002194309135165441214593623003165311891830224779654118915486963,1.60215149276022905777524138899801235730431525268692572671413736393275424723081326386672567,win,9000.011729001999
r4l4-02-tree-bounds-50,primal_dual,gurobi_only,502956319.0,479472583.1465966,0.0466914023470165408141536839901995544865596966483286195674579048285105649502735445302159530,0.0306698874194142502364012701002194309135165441214593623003165311891830224779654118915486963,1.60215149276022905777524138899801235730431525268692572671413736393275424723081326386672567,win,9000.011729001999
sct1,three_skills,all_available,-187.85043796133093,-200.01276368708199,0.0608077479734188338521423282042790608025889647273468091788459865896069523848312711804040444,0.0615110361614444519555036843409043679750080062218777059177679808149896260690628546317621421,-0.0703288188025618103361356136625307172419041494530896738921994225382673684231583451358097668,loss,9000.03909111023
sct1,three_skills,gurobi_only,-187.85043796133093,-200.01276368708199,0.0608077479734188338521423282042790608025889647273468091788459865896069523848312711804040444,0.0615110361614444519555036843409043679750080062218777059177679808149896260690628546317621421,-0.0703288188025618103361356136625307172419041494530896738921994225382673684231583451358097668,loss,9000.03909111023
sct1,primal_dual,all_available,-187.85043796133093,-200.01276368708199,0.0608077479734188338521423282042790608025889647273468091788459865896069523848312711804040444,0.0615110361614444519555036843409043679750080062218777059177679808149896260690628546317621421,-0.0703288188025618103361356136625307172419041494530896738921994225382673684231583451358097668,loss,9000.03909111023
sct1,primal_dual,gurobi_only,-187.85043796133093,-200.01276368708199,0.0608077479734188338521423282042790608025889647273468091788459865896069523848312711804040444,0.0615110361614444519555036843409043679750080062218777059177679808149896260690628546317621421,-0.0703288188025618103361356136625307172419041494530896738921994225382673684231583451358097668,loss,9000.03909111023
shipsched,three_skills,all_available,121040.0,81735.12692019965,0.324726314274622851949768671513549239920687376074025115664243225380039656311962987442167878,0.233579253962084478655357672231151297383503720881022242051297649022706109017721502377465630,9.11470603125383732944109992823979425371836551930028736129455763573335472942414850647022484,win,9000.045393943787
shipsched,three_skills,gurobi_only,121040.0,81735.12692019965,0.324726314274622851949768671513549239920687376074025115664243225380039656311962987442167878,0.233579253962084478655357672231151297383503720881022242051297649022706109017721502377465630,9.11470603125383732944109992823979425371836551930028736129455763573335472942414850647022484,win,9000.045393943787
shipsched,primal_dual,all_available,121040.0,81735.12692019965,0.324726314274622851949768671513549239920687376074025115664243225380039656311962987442167878,0.233580389431624429701067186548147042117243306408578119690196526301617223229059837496312720,9.11459248429984222487014849654021978034440696654469959740466990784224330829031499458551584,win,9000.045393943787
shipsched,primal_dual,gurobi_only,121040.0,81735.12692019965,0.324726314274622851949768671513549239920687376074025115664243225380039656311962987442167878,0.233580389431624429701067186548147042117243306408578119690196526301617223229059837496312720,9.11459248429984222487014849654021978034440696654469959740466990784224330829031499458551584,win,9000.045393943787
rocII-8-11,three_skills,all_available,-7.723856420472524,-11.822801264436444,0.346698278376186838066466505027003479594308986546789458802796046174177869731597402737401093,0.260588407190491285956006768189509306260575296108291032148900169204737732656514382402707276,8.61098711856955521104597368374941733337336904384984266538958769694401370750830203346938171,win,9000.03397989273
rocII-8-11,three_skills,gurobi_only,-7.723856420472524,-11.822801264436444,0.346698278376186838066466505027003479594308986546789458802796046174177869731597402737401093,0.260588407190491285956006768189509306260575296108291032148900169204737732656514382402707276,8.61098711856955521104597368374941733337336904384984266538958769694401370750830203346938171,win,9000.03397989273
rocII-8-11,primal_dual,all_available,-7.723856420472524,-11.822801264436444,0.346698278376186838066466505027003479594308986546789458802796046174177869731597402737401093,0.260588414977854230118443316412859560067681895093062605752961082910321489001692047377326565,8.61098633983326079480231886141439195266270914537268530498349632638563807299053553600745281,win,9000.03397989273
rocII-8-11,primal_dual,gurobi_only,-7.723856420472524,-11.822801264436444,0.346698278376186838066466505027003479594308986546789458802796046174177869731597402737401093,0.260588414977854230118443316412859560067681895093062605752961082910321489001692047377326565,8.61098633983326079480231886141439195266270914537268530498349632638563807299053553600745281,win,9000.03397989273
ns1856153,three_skills,all_available,34.943478676096305,0.06318419472889095,0.998191817268264330004337081751480635480561324563645013716547302319707601628199741844877912,0.0387985031185010532698004590267387233967378697930347376865081921984236461203723758104918452,95.9393314149763276734536622724741912083823454770610276030039110121283955507827366034386067,win,9000.032253026962
ns1856153,three_skills,gurobi_only,34.943478676096305,0.06318419472889095,0.998191817268264330004337081751480635480561324563645013716547302319707601628199741844877912,0.0387985031185010532698004590267387233967378697930347376865081921984236461203723758104918452,95.9393314149763276734536622724741912083823454770610276030039110121283955507827366034386067,win,9000.032253026962
ns1856153,primal_dual,all_available,34.943478676096305,0.06318419472889095,0.998191817268264330004337081751480635480561324563645013716547302319707601628199741844877912,0.0387985031185013358350637834418308039774162535665526256132568964194569475071283934901372227,95.9393314149762994169273298309649831503145070997092388103290405900250654121071348354740689,win,9000.032253026962
ns1856153,primal_dual,gurobi_only,34.943478676096305,0.06318419472889095,0.998191817268264330004337081751480635480561324563645013716547302319707601628199741844877912,0.0387985031185013358350637834418308039774162535665526256132568964194569475071283934901372227,95.9393314149762994169273298309649831503145070997092388103290405900250654121071348354740689,win,9000.032253026962
dc1l,three_skills,all_available,1760402.7301,1749671.934482756,0.00609564813423939372473937292038058967788691229319515357186504967690745119005198025396995492,0.00552791182679956548316656940120497365702637185536514855360822113550160522180523177922017428,0.0567736307439828241572803519175616020860540437830005018256828541405845968246748474749780637,win,9000.052044153214
dc1l,three_skills,gurobi_only,1760402.7301,1749671.934482756,0.00609564813423939372473937292038058967788691229319515357186504967690745119005198025396995492,0.00552791182679956548316656940120497365702637185536514855360822113550160522180523177922017428,0.0567736307439828241572803519175616020860540437830005018256828541405845968246748474749780637,win,9000.052044153214
dc1l,primal_dual,all_available,1760402.7301,1749671.934482756,0.00609564813423939372473937292038058967788691229319515357186504967690745119005198025396995492,0.00552791182679956548316656940120497365702637185536514855360822113550160522180523177922017428,0.0567736307439828241572803519175616020860540437830005018256828541405845968246748474749780637,win,9000.052044153214
dc1l,primal_dual,gurobi_only,1760402.7301,1749671.934482756,0.00609564813423939372473937292038058967788691229319515357186504967690745119005198025396995492,0.00552791182679956548316656940120497365702637185536514855360822113550160522180523177922017428,0.0567736307439828241572803519175616020860540437830005018256828541405845968246748474749780637,win,9000.052044153214
neos-5221106-oparau,three_skills,all_available,61.95999976028899,0.0,1,0.183022853850585749951987708853466487420779719608219704244286537353562512003072786633378145,81.6977146149414250048012291146533512579220280391780295755713462646437487996927213366621855,win,9000.024267911911
neos-5221106-oparau,three_skills,gurobi_only,61.95999976028899,0.0,1,0.183022853850585749951987708853466487420779719608219704244286537353562512003072786633378145,81.6977146149414250048012291146533512579220280391780295755713462646437487996927213366621855,win,9000.024267911911
neos-5221106-oparau,primal_dual,all_available,61.95999976028899,0.0,1,0.530674554777438611284048137966058248306292521399930821931994151769742437018752088515778757,46.9325445222561388715951862033941751693707478600069178068005848230257562981247911484221243,win,9000.024267911911
neos-5221106-oparau,primal_dual,gurobi_only,61.95999976028899,0.0,1,0.530674554777438611284048137966058248306292521399930821931994151769742437018752088515778757,46.9325445222561388715951862033941751693707478600069178068005848230257562981247911484221243,win,9000.024267911911
zeil,three_skills,all_available,1282.556499999999,822.8622174549745,0.358420297698405378960145380266194089808425801275881264042403805119902353154660336525021046,0.228903962808353215117760190851594101604648037612409316504584487537314349084061874665573546,12.9516334890052163842385189414599988203777763663471947537819317582588004070598461859447500,win,9000.131647109985
zeil,three_skills,gurobi_only,1282.556499999999,822.8622174549745,0.358420297698405378960145380266194089808425801275881264042403805119902353154660336525021046,0.228903962808353215117760190851594101604648037612409316504584487537314349084061874665573546,12.9516334890052163842385189414599988203777763663471947537819317582588004070598461859447500,win,9000.131647109985
zeil,primal_dual,all_available,1282.556499999999,822.8622174549745,0.358420297698405378960145380266194089808425801275881264042403805119902353154660336525021046,0.241052260403317675996065461557905430593923137481702248241391600726780074342786326082376417,11.7368037295087702964079918708288659214502663794179015801012204393122278811874010442644629,win,9000.131647109985
zeil,primal_dual,gurobi_only,1282.556499999999,822.8622174549745,0.358420297698405378960145380266194089808425801275881264042403805119902353154660336525021046,0.244205759256525338685372602983804918577475800052133127800352515726921088893533416269842675,11.4214538441880040274772777282389171230950001223748136242051289392981264261126920255178371,win,9000.131647109985
cdma,three_skills,all_available,-2.296610845333332e+16,-3.1763447999999988e+16,0.276964249808983940394978457874198189684617818896055497986674077469989273207648289312648882,0.0825060017810304252613895104695509136614197111500100377811672631350956926416479365167163889,19.4458248027953515133588947404647276023198107746045460205506814334893580566000352795932493,win,9000.016633033752
cdma,three_skills,gurobi_only,-2.296610845333332e+16,-3.1763447999999988e+16,0.276964249808983940394978457874198189684617818896055497986674077469989273207648289312648882,0.0825060017810304252613895104695509136614197111500100377811672631350956926416479365167163889,19.4458248027953515133588947404647276023198107746045460205506814334893580566000352795932493,win,9000.016633033752
cdma,primal_dual,all_available,-2.296610845333332e+16,-3.1763447999999988e+16,0.276964249808983940394978457874198189684617818896055497986674077469989273207648289312648882,0.0825060017810306449254587551015101008452620954002258495416381260736834933647055677667795700,19.4458248027953295469519702772688088839355723495829648445035951396305779842942721545869312,win,9000.016633033752
cdma,primal_dual,gurobi_only,-2.296610845333332e+16,-3.1763447999999988e+16,0.276964249808983940394978457874198189684617818896055497986674077469989273207648289312648882,0.0825060017810306449254587551015101008452620954002258495416381260736834933647055677667795700,19.4458248027953295469519702772688088839355723495829648445035951396305779842942721545869312,win,9000.016633033752
ns1456591,three_skills,all_available,988.1412834399999,451.4932445287501,0.543088369957609565359581062056225079964974169020645362641257993572142605192679325522605067,0,54.3088369957609565359581062056225079964974169020645362641257993572142605192679325522605067,win,9000.020987033844
ns1456591,three_skills,gurobi_only,988.1412834399999,451.4932445287501,0.543088369957609565359581062056225079964974169020645362641257993572142605192679325522605067,0,54.3088369957609565359581062056225079964974169020645362641257993572142605192679325522605067,win,9000.020987033844
ns1456591,primal_dual,all_available,988.1412834399999,451.4932445287501,0.543088369957609565359581062056225079964974169020645362641257993572142605192679325522605067,0,54.3088369957609565359581062056225079964974169020645362641257993572142605192679325522605067,win,9000.020987033844
ns1456591,primal_dual,gurobi_only,988.1412834399999,451.4932445287501,0.543088369957609565359581062056225079964974169020645362641257993572142605192679325522605067,0,54.3088369957609565359581062056225079964974169020645362641257993572142605192679325522605067,win,9000.020987033844
seqsolve1,three_skills,all_available,4277.0,4275.0,0.000467617488894084638765489829319616553659106850596212298339957914425999532382511105915361235,0.000467617488894084638765489829319616553659106850596212298339957914425999532382511105915361235,-4.89829319616553659106850596212298339957914425999532382511105915361234510170680383446340893E-92,tie,9000.163169145584
seqsolve1,three_skills,gurobi_only,4277.0,4275.0,0.000467617488894084638765489829319616553659106850596212298339957914425999532382511105915361235,0.000467617488894084638765489829319616553659106850596212298339957914425999532382511105915361235,-4.89829319616553659106850596212298339957914425999532382511105915361234510170680383446340893E-92,tie,9000.163169145584
seqsolve1,primal_dual,all_available,4277.0,4275.0,0.000467617488894084638765489829319616553659106850596212298339957914425999532382511105915361235,0.000467617488894084638765489829319616553659106850596212298339957914425999532382511105915361235,-4.89829319616553659106850596212298339957914425999532382511105915361234510170680383446340893E-92,tie,9000.163169145584
seqsolve1,primal_dual,gurobi_only,4277.0,4275.0,0.000467617488894084638765489829319616553659106850596212298339957914425999532382511105915361235,0.000467617488894084638765489829319616553659106850596212298339957914425999532382511105915361235,-4.89829319616553659106850596212298339957914425999532382511105915361234510170680383446340893E-92,tie,9000.163169145584
stockholm,three_skills,all_available,129.99999982069238,107.0,0.176923075787815658789175775201686077023610388140309711574732003425781905170067692731619486,0.131147540983606557377049180327868852459016393442622950819672131147540983606557377049180328,4.57755348042091014121265948738172245645939946976867607550598722782409215635103156824391583,win,9000.029482126236
stockholm,three_skills,gurobi_only,129.99999982069238,107.0,0.176923075787815658789175775201686077023610388140309711574732003425781905170067692731619486,0.131147540983606557377049180327868852459016393442622950819672131147540983606557377049180328,4.57755348042091014121265948738172245645939946976867607550598722782409215635103156824391583,win,9000.029482126236
stockholm,primal_dual,all_available,129.99999982069238,107.0,0.176923075787815658789175775201686077023610388140309711574732003425781905170067692731619486,0.131147540983606557377049180327868852459016393442622950819672131147540983606557377049180328,4.57755348042091014121265948738172245645939946976867607550598722782409215635103156824391583,win,9000.029482126236
stockholm,primal_dual,gurobi_only,129.99999982069238,107.0,0.176923075787815658789175775201686077023610388140309711574732003425781905170067692731619486,0.131147540983606557377049180327868852459016393442622950819672131147540983606557377049180328,4.57755348042091014121265948738172245645939946976867607550598722782409215635103156824391583,win,9000.029482126236
supportcase22,three_skills,all_available,,1.4000000000000001,,0.941818181818181818181818181818181818181818181818181818181818181818181818181818181818181818,,NA,9000.165359973907
supportcase22,three_skills,gurobi_only,,1.4000000000000001,,0.941818181818181818181818181818181818181818181818181818181818181818181818181818181818181818,,NA,9000.165359973907
supportcase22,primal_dual,all_available,,1.4000000000000001,,0.941818181818181818181818181818181818181818181818181818181818181818181818181818181818181818,,NA,9000.165359973907
supportcase22,primal_dual,gurobi_only,,1.4000000000000001,,0.941818181818181818181818181818181818181818181818181818181818181818181818181818181818181818,,NA,9000.165359973907
neos-3682128-sandon,three_skills,all_available,34666765.52061766,23267683.964423973,0.328818722629724840501373782477296470591383659665244880589343336206786279810927004141573079,0,32.8818722629724840501373782477296470591383659665244880589343336206786279810927004141573079,win,9000.019202947617
neos-3682128-sandon,three_skills,gurobi_only,34666765.52061766,23267683.964423973,0.328818722629724840501373782477296470591383659665244880589343336206786279810927004141573079,0,32.8818722629724840501373782477296470591383659665244880589343336206786279810927004141573079,win,9000.019202947617
neos-3682128-sandon,primal_dual,all_available,34666765.52061766,23267683.964423973,0.328818722629724840501373782477296470591383659665244880589343336206786279810927004141573079,0,32.8818722629724840501373782477296470591383659665244880589343336206786279810927004141573079,win,9000.019202947617
neos-3682128-sandon,primal_dual,gurobi_only,34666765.52061766,23267683.964423973,0.328818722629724840501373782477296470591383659665244880589343336206786279810927004141573079,0,32.8818722629724840501373782477296470591383659665244880589343336206786279810927004141573079,win,9000.019202947617
