instance,portfolio,backend_scope,raw_min_primal,raw_min_primal_source,excluded_primal_candidates,selected_primal,primal_source,selected_dual,dual_source,portfolio_gap_fraction,portfolio_gap_state,primal_evidence_note,gurobi_baseline_primal,gurobi_baseline_dual,gurobi_baseline_gap_fraction,original_copt_primal,original_copt_dual,original_copt_gap_fraction,original_copt_gap_state,original_copt_time_seconds,original_copt_result,gurobi_minus_portfolio_gap_pp,portfolio_vs_gurobi,copt_minus_portfolio_gap_pp,portfolio_vs_copt
graphdraw-grafo2,three_skills,all_available,68590.5,primal skill,[],68590.5,primal skill,53513.5,dual skill COPT terminal,0.219811781514932825974442524839445695832513248919310983299436510887076198598931338888038431,available,historically accepted numerical witness; not uniformly revalidated,68609.5,36415.8465747,0.469230258569148587294762387132977211610637010909567916979427047274794306910850538190775330,109951.5,36314.1643,0.669725612656489452167546600091858683146660118324897795846350436328744946635562043264530270,available,36000.0,stop,24.9418477054215761320319862293531515778123761990256933679990536387718108311919199302736899,win,44.9913831141556626193104075252412987314146869405586812546913925441668748036630704376491839,win
graphdraw-grafo2,three_skills,gurobi_only,68590.5,primal skill,[],68590.5,primal skill,53510.5,dual skill Gurobi,0.219855519350347351309583688703246076351681355289726711425051574197592961124353955722731282,available,historically accepted numerical witness; not uniformly revalidated,68609.5,36415.8465747,0.469230258569148587294762387132977211610637010909567916979427047274794306910850538190775330,109951.5,36314.1643,0.669725612656489452167546600091858683146660118324897795846350436328744946635562043264530270,available,36000.0,stop,24.9374739218801235985178698429731135258955655619841205554375473077201345786496582468044048,win,44.9870093306142100857962911388612606794978763035171084421298862131151985511208087541798988,win
graphdraw-grafo2,primal_dual,all_available,68590.5,primal skill,[],68590.5,primal skill,53513.5,dual skill COPT terminal,0.219811781514932825974442524839445695832513248919310983299436510887076198598931338888038431,available,historically accepted numerical witness; not uniformly revalidated,68609.5,36415.8465747,0.469230258569148587294762387132977211610637010909567916979427047274794306910850538190775330,109951.5,36314.1643,0.669725612656489452167546600091858683146660118324897795846350436328744946635562043264530270,available,36000.0,stop,24.9418477054215761320319862293531515778123761990256933679990536387718108311919199302736899,win,44.9913831141556626193104075252412987314146869405586812546913925441668748036630704376491839,win
graphdraw-grafo2,primal_dual,gurobi_only,68590.5,primal skill,[],68590.5,primal skill,53510.5,dual skill Gurobi,0.219855519350347351309583688703246076351681355289726711425051574197592961124353955722731282,available,historically accepted numerical witness; not uniformly revalidated,68609.5,36415.8465747,0.469230258569148587294762387132977211610637010909567916979427047274794306910850538190775330,109951.5,36314.1643,0.669725612656489452167546600091858683146660118324897795846350436328744946635562043264530270,available,36000.0,stop,24.9374739218801235985178698429731135258955655619841205554375473077201345786496582468044048,win,44.9870093306142100857962911388612606794978763035171084421298862131151985511208087541798988,win
polygonpack4-10,three_skills,all_available,-53594508.707583256,primal skill,[],-53594508.707583256,primal skill,-76521127.37712,dual skill Gurobi; dual skill COPT terminal,0.299611616495758239252274117880966189438506709904447036709678015014679893275277017914641155,available,historically accepted numerical witness; not uniformly revalidated,-53594508.70758318,-93676649.5393,0.427877609082306364544617491612960950098995958017365457225469379442729251198301455347276834,-51836818.8,-93676573.4,0.446640532220833773580364543949042440102746115177607467866667292080946248616732601365625955,available,36000.0,stop,12.8265992586548125292343373731994760660489248112918420515791364428049357923024437432635679,win,14.7028915725075534328090426068076250664239405273160431156989277066266355341455583450984800,win
polygonpack4-10,three_skills,gurobi_only,-53594508.707583256,primal skill,[],-53594508.707583256,primal skill,-76521127.37712,dual skill Gurobi,0.299611616495758239252274117880966189438506709904447036709678015014679893275277017914641155,available,historically accepted numerical witness; not uniformly revalidated,-53594508.70758318,-93676649.5393,0.427877609082306364544617491612960950098995958017365457225469379442729251198301455347276834,-51836818.8,-93676573.4,0.446640532220833773580364543949042440102746115177607467866667292080946248616732601365625955,available,36000.0,stop,12.8265992586548125292343373731994760660489248112918420515791364428049357923024437432635679,win,14.7028915725075534328090426068076250664239405273160431156989277066266355341455583450984800,win
polygonpack4-10,primal_dual,all_available,-53594508.707583256,primal skill,[],-53594508.707583256,primal skill,-76521127.37712,dual skill Gurobi; dual skill COPT terminal,0.299611616495758239252274117880966189438506709904447036709678015014679893275277017914641155,available,historically accepted numerical witness; not uniformly revalidated,-53594508.70758318,-93676649.5393,0.427877609082306364544617491612960950098995958017365457225469379442729251198301455347276834,-51836818.8,-93676573.4,0.446640532220833773580364543949042440102746115177607467866667292080946248616732601365625955,available,36000.0,stop,12.8265992586548125292343373731994760660489248112918420515791364428049357923024437432635679,win,14.7028915725075534328090426068076250664239405273160431156989277066266355341455583450984800,win
polygonpack4-10,primal_dual,gurobi_only,-53594508.707583256,primal skill,[],-53594508.707583256,primal skill,-76521127.37712,dual skill Gurobi,0.299611616495758239252274117880966189438506709904447036709678015014679893275277017914641155,available,historically accepted numerical witness; not uniformly revalidated,-53594508.70758318,-93676649.5393,0.427877609082306364544617491612960950098995958017365457225469379442729251198301455347276834,-51836818.8,-93676573.4,0.446640532220833773580364543949042440102746115177607467866667292080946248616732601365625955,available,36000.0,stop,12.8265992586548125292343373731994760660489248112918420515791364428049357923024437432635679,win,14.7028915725075534328090426068076250664239405273160431156989277066266355341455583450984800,win
scpm1,three_skills,all_available,537.0,primal skill,[],537.0,primal skill; general skill,416,dual skill Gurobi; dual skill COPT terminal,0.225325884543761638733705772811918063314711359404096834264432029795158286778398510242085661,available,historically accepted numerical witness; not uniformly revalidated,537,415,0.227188081936685288640595903165735567970204841713221601489757914338919925512104283054003724,630,415.555435,0.340388198412698412698412698412698412698412698412698412698412698412698412698412698412698413,available,36000.0,stop,0.186219739292364990689013035381750465549348230912476722532588454376163873370577281191806292,win,11.5062313868936773964706925600780349383701339008601578433980668617540125920014188170612752,win
scpm1,three_skills,gurobi_only,537.0,primal skill,[],537.0,primal skill; general skill,416,dual skill Gurobi,0.225325884543761638733705772811918063314711359404096834264432029795158286778398510242085661,available,historically accepted numerical witness; not uniformly revalidated,537,415,0.227188081936685288640595903165735567970204841713221601489757914338919925512104283054003724,630,415.555435,0.340388198412698412698412698412698412698412698412698412698412698412698412698412698412698413,available,36000.0,stop,0.186219739292364990689013035381750465549348230912476722532588454376163873370577281191806292,win,11.5062313868936773964706925600780349383701339008601578433980668617540125920014188170612752,win
scpm1,primal_dual,all_available,537.0,primal skill,[],537.0,primal skill,416,dual skill Gurobi; dual skill COPT terminal,0.225325884543761638733705772811918063314711359404096834264432029795158286778398510242085661,available,historically accepted numerical witness; not uniformly revalidated,537,415,0.227188081936685288640595903165735567970204841713221601489757914338919925512104283054003724,630,415.555435,0.340388198412698412698412698412698412698412698412698412698412698412698412698412698412698413,available,36000.0,stop,0.186219739292364990689013035381750465549348230912476722532588454376163873370577281191806292,win,11.5062313868936773964706925600780349383701339008601578433980668617540125920014188170612752,win
scpm1,primal_dual,gurobi_only,537.0,primal skill,[],537.0,primal skill,416,dual skill Gurobi,0.225325884543761638733705772811918063314711359404096834264432029795158286778398510242085661,available,historically accepted numerical witness; not uniformly revalidated,537,415,0.227188081936685288640595903165735567970204841713221601489757914338919925512104283054003724,630,415.555435,0.340388198412698412698412698412698412698412698412698412698412698412698412698412698412698413,available,36000.0,stop,0.186219739292364990689013035381750465549348230912476722532588454376163873370577281191806292,win,11.5062313868936773964706925600780349383701339008601578433980668617540125920014188170612752,win
ger50-17-trans-dfn-3t,three_skills,all_available,3969.433399999999,general skill,[],3969.433399999999,general skill,3934.3152,dual skill Gurobi,0.00884715687634386531013642308342175740659185349268170278202765479871832136739082175262629860,available,historically accepted numerical witness; not uniformly revalidated,3969.433399999997,3917.155362335,0.0131701511014133753977213232095356967480471214373039346475404554997204242351985296342981106,4352.9664,3831.36744,0.119826093764472889108447976993344125054583467494718084660612128777286220265793919291451457,available,36000.0,stop,0.432299422506951008758490012611393934145526794462223186551280070100210286780770788167181200,win,11.0978936888129023798311553909922367647991614002036381878584473978567898898403097538825159,win
ger50-17-trans-dfn-3t,three_skills,gurobi_only,3969.433399999999,general skill,[],3969.433399999999,general skill,3934.3152,dual skill Gurobi,0.00884715687634386531013642308342175740659185349268170278202765479871832136739082175262629860,available,historically accepted numerical witness; not uniformly revalidated,3969.433399999997,3917.155362335,0.0131701511014133753977213232095356967480471214373039346475404554997204242351985296342981106,4352.9664,3831.36744,0.119826093764472889108447976993344125054583467494718084660612128777286220265793919291451457,available,36000.0,stop,0.432299422506951008758490012611393934145526794462223186551280070100210286780770788167181200,win,11.0978936888129023798311553909922367647991614002036381878584473978567898898403097538825159,win
ger50-17-trans-dfn-3t,primal_dual,all_available,3969.4334,primal skill,[],3969.4334,primal skill,3934.3152,dual skill Gurobi,0.00884715687634411500643895423462703770266053588403826097699485271625920213197178216921336934,available,historically accepted numerical witness; not uniformly revalidated,3969.433399999997,3917.155362335,0.0131701511014133753977213232095356967480471214373039346475404554997204242351985296342981106,4352.9664,3831.36744,0.119826093764472889108447976993344125054583467494718084660612128777286220265793919291451457,available,36000.0,stop,0.432299422506926039128236897490865904538658555326567367054560278346122210322674746508474126,win,11.0978936888128774102009022758717087351922931610679823683617276061027018133822137122238088,win
ger50-17-trans-dfn-3t,primal_dual,gurobi_only,3969.4334,primal skill,[],3969.4334,primal skill,3934.3152,dual skill Gurobi,0.00884715687634411500643895423462703770266053588403826097699485271625920213197178216921336934,available,historically accepted numerical witness; not uniformly revalidated,3969.433399999997,3917.155362335,0.0131701511014133753977213232095356967480471214373039346475404554997204242351985296342981106,4352.9664,3831.36744,0.119826093764472889108447976993344125054583467494718084660612128777286220265793919291451457,available,36000.0,stop,0.432299422506926039128236897490865904538658555326567367054560278346122210322674746508474126,win,11.0978936888128774102009022758717087351922931610679823683617276061027018133822137122238088,win
eva1aprime6x6opt,three_skills,all_available,-18.101002981361386,general skill,[],-18.101002981361386,general skill,-96.70380539695806,dual skill Gurobi,0.812820158347866051530633019502592333427922327891635731287433724882480127768260623173608665,available,historically accepted numerical witness; not uniformly revalidated,-18.100995280293148,-239.4227696265,0.924397352396638227517559745791131583069511919340264511489816925271755153400825451126508586,1.71485284,-140.895641,1.01217108512249857325252525023112673869023385897367825595115465637435866450971325649457104,available,36000.0,stop,11.1577194048772175986926726288539249641589591448628780202383200389275025632564827952899921,win,19.9350926774632521721892230728534405262311531082042524663720931491878536741452633320962377,win
eva1aprime6x6opt,three_skills,gurobi_only,-18.101002981361386,general skill,[],-18.101002981361386,general skill,-96.70380539695806,dual skill Gurobi,0.812820158347866051530633019502592333427922327891635731287433724882480127768260623173608665,available,historically accepted numerical witness; not uniformly revalidated,-18.100995280293148,-239.4227696265,0.924397352396638227517559745791131583069511919340264511489816925271755153400825451126508586,1.71485284,-140.895641,1.01217108512249857325252525023112673869023385897367825595115465637435866450971325649457104,available,36000.0,stop,11.1577194048772175986926726288539249641589591448628780202383200389275025632564827952899921,win,19.9350926774632521721892230728534405262311531082042524663720931491878536741452633320962377,win
eva1aprime6x6opt,primal_dual,all_available,-18.100996765491708,primal skill,[],-18.100996765491708,primal skill,-96.70380539695806,dual skill Gurobi,0.812820222625271190703449995214443264074927743667883474010352455632847841879113737173839813,available,historically accepted numerical witness; not uniformly revalidated,-18.100995280293148,-239.4227696265,0.924397352396638227517559745791131583069511919340264511489816925271755153400825451126508586,1.71485284,-140.895641,1.01217108512249857325252525023112673869023385897367825595115465637435866450971325649457104,available,36000.0,stop,11.1577129771367036814109750576688318994584175672381037479464469638907311521711713952668773,win,19.9350862497227382549075255016683474615306115305794781940802200741510822630599519320731229,win
eva1aprime6x6opt,primal_dual,gurobi_only,-18.100996765491708,primal skill,[],-18.100996765491708,primal skill,-96.70380539695806,dual skill Gurobi,0.812820222625271190703449995214443264074927743667883474010352455632847841879113737173839813,available,historically accepted numerical witness; not uniformly revalidated,-18.100995280293148,-239.4227696265,0.924397352396638227517559745791131583069511919340264511489816925271755153400825451126508586,1.71485284,-140.895641,1.01217108512249857325252525023112673869023385897367825595115465637435866450971325649457104,available,36000.0,stop,11.1577129771367036814109750576688318994584175672381037479464469638907311521711713952668773,win,19.9350862497227382549075255016683474615306115305794781940802200741510822630599519320731229,win
cmflsp60-36-2-6,three_skills,all_available,73891244.22159792,general skill,[],73891244.22159792,general skill,73054818.85442139,dual skill Gurobi,0.0113196817293820641821503464189746501801454173291784101282975964873770358690664701172100700,available,historically accepted numerical witness; not uniformly revalidated,73891245.64760005,73188341.59842,0.00951268371536621896538149857548067099754224858382193912153575208803818193885986052184203126,74492812.1,72075510.1,0.0324501375616614693486648492358365405297942833332774666456711734205024057616426055152239312,available,36000.0,stop,-0.180699801401584521676884784349397918260316874535647100676184439933885393020660959536803872,loss,2.11304558322794051665145028168618903496488660040990565173735769331253698925761353980138613,win
cmflsp60-36-2-6,three_skills,gurobi_only,73891244.22159792,general skill,[],73891244.22159792,general skill,73054818.85442139,dual skill Gurobi,0.0113196817293820641821503464189746501801454173291784101282975964873770358690664701172100700,available,historically accepted numerical witness; not uniformly revalidated,73891245.64760005,73188341.59842,0.00951268371536621896538149857548067099754224858382193912153575208803818193885986052184203126,74492812.1,72075510.1,0.0324501375616614693486648492358365405297942833332774666456711734205024057616426055152239312,available,36000.0,stop,-0.180699801401584521676884784349397918260316874535647100676184439933885393020660959536803872,loss,2.11304558322794051665145028168618903496488660040990565173735769331253698925761353980138613,win
cmflsp60-36-2-6,primal_dual,all_available,73891245.26398355,primal skill,[],73891245.26398355,primal skill,73054818.85442139,dual skill Gurobi,0.0113196956767198407651656712426059375132192367875546547433424138655145237059174392792103905,available,historically accepted numerical witness; not uniformly revalidated,73891245.64760005,73188341.59842,0.00951268371536621896538149857548067099754224858382193912153575208803818193885986052184203126,74492812.1,72075510.1,0.0324501375616614693486648492358365405297942833332774666456711734205024057616426055152239312,available,36000.0,stop,-0.180701196135362179978417266712526651567698820373271562180666177747634176705757875736835926,loss,2.11304418849416285834991779932306030165750465457228119023287595549878820557251662360135407,win
cmflsp60-36-2-6,primal_dual,gurobi_only,73891245.26398355,primal skill,[],73891245.26398355,primal skill,73054818.85442139,dual skill Gurobi,0.0113196956767198407651656712426059375132192367875546547433424138655145237059174392792103905,available,historically accepted numerical witness; not uniformly revalidated,73891245.64760005,73188341.59842,0.00951268371536621896538149857548067099754224858382193912153575208803818193885986052184203126,74492812.1,72075510.1,0.0324501375616614693486648492358365405297942833332774666456711734205024057616426055152239312,available,36000.0,stop,-0.180701196135362179978417266712526651567698820373271562180666177747634176705757875736835926,loss,2.11304418849416285834991779932306030165750465457228119023287595549878820557251662360135407,win
r4l4-02-tree-bounds-50,three_skills,all_available,499061405.0,primal skill,[],499061405.0,primal skill,483755247.8932753,dual skill Gurobi,0.0306698874194142502364012701002194309135165441214593623003165311891830224779654118915486963,available,historically accepted numerical witness; not uniformly revalidated,499110528,480648435.4129,0.0369899882919320026845837241085004722641314430458176991209450104005820530397627677370892886,512613056,478217938,0.0670976238264208393474863035872422258398350275339065885984768987233910796060566978613982083,available,36000.0,stop,0.632010087251775244818245400828104135061489892435833682062847921139903056179735584554059230,win,3.64277364070065891110850334870227949263184834124472262981603675342080571280912859698495120,win
r4l4-02-tree-bounds-50,three_skills,gurobi_only,499061405.0,primal skill,[],499061405.0,primal skill,483755247.8932753,dual skill Gurobi,0.0306698874194142502364012701002194309135165441214593623003165311891830224779654118915486963,available,historically accepted numerical witness; not uniformly revalidated,499110528,480648435.4129,0.0369899882919320026845837241085004722641314430458176991209450104005820530397627677370892886,512613056,478217938,0.0670976238264208393474863035872422258398350275339065885984768987233910796060566978613982083,available,36000.0,stop,0.632010087251775244818245400828104135061489892435833682062847921139903056179735584554059230,win,3.64277364070065891110850334870227949263184834124472262981603675342080571280912859698495120,win
r4l4-02-tree-bounds-50,primal_dual,all_available,499061405.0,primal skill,[],499061405.0,primal skill,483755247.8932753,dual skill Gurobi,0.0306698874194142502364012701002194309135165441214593623003165311891830224779654118915486963,available,historically accepted numerical witness; not uniformly revalidated,499110528,480648435.4129,0.0369899882919320026845837241085004722641314430458176991209450104005820530397627677370892886,512613056,478217938,0.0670976238264208393474863035872422258398350275339065885984768987233910796060566978613982083,available,36000.0,stop,0.632010087251775244818245400828104135061489892435833682062847921139903056179735584554059230,win,3.64277364070065891110850334870227949263184834124472262981603675342080571280912859698495120,win
r4l4-02-tree-bounds-50,primal_dual,gurobi_only,499061405.0,primal skill,[],499061405.0,primal skill,483755247.8932753,dual skill Gurobi,0.0306698874194142502364012701002194309135165441214593623003165311891830224779654118915486963,available,historically accepted numerical witness; not uniformly revalidated,499110528,480648435.4129,0.0369899882919320026845837241085004722641314430458176991209450104005820530397627677370892886,512613056,478217938,0.0670976238264208393474863035872422258398350275339065885984768987233910796060566978613982083,available,36000.0,stop,0.632010087251775244818245400828104135061489892435833682062847921139903056179735584554059230,win,3.64277364070065891110850334870227949263184834124472262981603675342080571280912859698495120,win
sct1,three_skills,all_available,-187.52765083903063,primal skill,[],-187.52765083903063,primal skill; general skill,-199.81870652161473,dual skill Gurobi,0.0615110361614444519555036843409043679750080062218777059177679808149896260690628546317621421,available,historically accepted numerical witness; not uniformly revalidated,-187.52764944960393,-200.2450490980,0.0635091839008322746482408016213794201778482764014348684978442732295032234405390172859014172,-170.822429,-202.560756,0.156685468729194513867236948898433218722781623109660984875076196891761205709560049232833629,available,36000.0,stop,0.199814773938782269273711728047505220284027017955716258007629241451359737147616265413927513,win,9.51744325677500619117332645575288507477736168877832789573082160767715796404971946010714874,win
sct1,three_skills,gurobi_only,-187.52765083903063,primal skill,[],-187.52765083903063,primal skill; general skill,-199.81870652161473,dual skill Gurobi,0.0615110361614444519555036843409043679750080062218777059177679808149896260690628546317621421,available,historically accepted numerical witness; not uniformly revalidated,-187.52764944960393,-200.2450490980,0.0635091839008322746482408016213794201778482764014348684978442732295032234405390172859014172,-170.822429,-202.560756,0.156685468729194513867236948898433218722781623109660984875076196891761205709560049232833629,available,36000.0,stop,0.199814773938782269273711728047505220284027017955716258007629241451359737147616265413927513,win,9.51744325677500619117332645575288507477736168877832789573082160767715796404971946010714874,win
sct1,primal_dual,all_available,-187.52765083903063,primal skill,[],-187.52765083903063,primal skill,-199.81870652161473,dual skill Gurobi,0.0615110361614444519555036843409043679750080062218777059177679808149896260690628546317621421,available,historically accepted numerical witness; not uniformly revalidated,-187.52764944960393,-200.2450490980,0.0635091839008322746482408016213794201778482764014348684978442732295032234405390172859014172,-170.822429,-202.560756,0.156685468729194513867236948898433218722781623109660984875076196891761205709560049232833629,available,36000.0,stop,0.199814773938782269273711728047505220284027017955716258007629241451359737147616265413927513,win,9.51744325677500619117332645575288507477736168877832789573082160767715796404971946010714874,win
sct1,primal_dual,gurobi_only,-187.52765083903063,primal skill,[],-187.52765083903063,primal skill,-199.81870652161473,dual skill Gurobi,0.0615110361614444519555036843409043679750080062218777059177679808149896260690628546317621421,available,historically accepted numerical witness; not uniformly revalidated,-187.52764944960393,-200.2450490980,0.0635091839008322746482408016213794201778482764014348684978442732295032234405390172859014172,-170.822429,-202.560756,0.156685468729194513867236948898433218722781623109660984875076196891761205709560049232833629,available,36000.0,stop,0.199814773938782269273711728047505220284027017955716258007629241451359737147616265413927513,win,9.51744325677500619117332645575288507477736168877832789573082160767715796404971946010714874,win
shipsched,three_skills,all_available,111919.8337342348,general skill,[],111919.8337342348,general skill,85777.6824670317,dual skill Gurobi,0.233579253962084478655357672231151297383503720881022242051297649022706109017721502377465630,available,historically accepted numerical witness; not uniformly revalidated,111919.9869111547,81014.60455187,0.276138187755671202254597605213002755391946156173374768432293807484070499526277542826751634,130497.996,67029.7019,0.486354549843048930805037036737330433794554209092988677006197091333111352913036304404245411,available,36000.0,stop,4.25589337935867235992399329818514580084424352923525263809961584613643905085560404492860042,win,25.2775295880964452149679364506179136411050488211966434954899442310405243895314802026779781,win
shipsched,three_skills,gurobi_only,111919.8337342348,general skill,[],111919.8337342348,general skill,85777.6824670317,dual skill Gurobi,0.233579253962084478655357672231151297383503720881022242051297649022706109017721502377465630,available,historically accepted numerical witness; not uniformly revalidated,111919.9869111547,81014.60455187,0.276138187755671202254597605213002755391946156173374768432293807484070499526277542826751634,130497.996,67029.7019,0.486354549843048930805037036737330433794554209092988677006197091333111352913036304404245411,available,36000.0,stop,4.25589337935867235992399329818514580084424352923525263809961584613643905085560404492860042,win,25.2775295880964452149679364506179136411050488211966434954899442310405243895314802026779781,win
shipsched,primal_dual,all_available,111919.99954622652,primal skill,[],111919.99954622652,primal skill,85777.6824670317,dual skill Gurobi,0.233580389431624429701067186548147042117243306408578119690196526301617223229059837496312720,available,historically accepted numerical witness; not uniformly revalidated,111919.9869111547,81014.60455187,0.276138187755671202254597605213002755391946156173374768432293807484070499526277542826751634,130497.996,67029.7019,0.486354549843048930805037036737330433794554209092988677006197091333111352913036304404245411,available,36000.0,stop,4.25577983240467725535304186648557132747028497647966487420972811824532762972177053304389143,win,25.2774160411424501103969850189183391677310902684410557316000565031494129683976466907932691,win
shipsched,primal_dual,gurobi_only,111919.99954622652,primal skill,[],111919.99954622652,primal skill,85777.6824670317,dual skill Gurobi,0.233580389431624429701067186548147042117243306408578119690196526301617223229059837496312720,available,historically accepted numerical witness; not uniformly revalidated,111919.9869111547,81014.60455187,0.276138187755671202254597605213002755391946156173374768432293807484070499526277542826751634,130497.996,67029.7019,0.486354549843048930805037036737330433794554209092988677006197091333111352913036304404245411,available,36000.0,stop,4.25577983240467725535304186648557132747028497647966487420972811824532762972177053304389143,win,25.2774160411424501103969850189183391677310902684410557316000565031494129683976466907932691,win
rocII-8-11,three_skills,all_available,-8.739845027008393,general skill,[],-8.739845027008393,general skill,-11.82,dual skill Gurobi,0.260588407190491285956006768189509306260575296108291032148900169204737732656514382402707276,available,historically accepted numerical witness; not uniformly revalidated,-8.739844934961763,-11.8377922287,0.261699752275382407007999761887221405511472456985749461331901945345384096925394282410294725,-4.72446527,-11.889881,0.602648229195901960667226190068681091089137056964657594134037169926259144225244979323174050,available,36000.0,stop,0.111134508489112105199299369771209925089716087745842918300177614064636426887990000758744920,win,34.2059822005410674711219421879171784828561760856366561985137000721521411568730596920466774,win
rocII-8-11,three_skills,gurobi_only,-8.739845027008393,general skill,[],-8.739845027008393,general skill,-11.82,dual skill Gurobi,0.260588407190491285956006768189509306260575296108291032148900169204737732656514382402707276,available,historically accepted numerical witness; not uniformly revalidated,-8.739844934961763,-11.8377922287,0.261699752275382407007999761887221405511472456985749461331901945345384096925394282410294725,-4.72446527,-11.889881,0.602648229195901960667226190068681091089137056964657594134037169926259144225244979323174050,available,36000.0,stop,0.111134508489112105199299369771209925089716087745842918300177614064636426887990000758744920,win,34.2059822005410674711219421879171784828561760856366561985137000721521411568730596920466774,win
rocII-8-11,primal_dual,all_available,-8.739844934961763,primal skill,[],-8.739844934961763,primal skill,-11.82,dual skill Gurobi,0.260588414977854230118443316412859560067681895093062605752961082910321489001692047377326565,available,historically accepted numerical witness; not uniformly revalidated,-8.739844934961763,-11.8377922287,0.261699752275382407007999761887221405511472456985749461331901945345384096925394282410294725,-4.72446527,-11.889881,0.602648229195901960667226190068681091089137056964657594134037169926259144225244979323174050,available,36000.0,stop,0.111133729752817688955644547436184544379056189268685557894086243506260792370223503296815986,win,34.2059814218047730548782873655821531021455161871594988381076087015937655223552931945847485,win
rocII-8-11,primal_dual,gurobi_only,-8.739844934961763,primal skill,[],-8.739844934961763,primal skill,-11.82,dual skill Gurobi,0.260588414977854230118443316412859560067681895093062605752961082910321489001692047377326565,available,historically accepted numerical witness; not uniformly revalidated,-8.739844934961763,-11.8377922287,0.261699752275382407007999761887221405511472456985749461331901945345384096925394282410294725,-4.72446527,-11.889881,0.602648229195901960667226190068681091089137056964657594134037169926259144225244979323174050,available,36000.0,stop,0.111133729752817688955644547436184544379056189268685557894086243506260792370223503296815986,win,34.2059814218047730548782873655821531021455161871594988381076087015937655223552931945847485,win
ns1856153,three_skills,all_available,34.01697312588408,general skill,[],34.01697312588408,general skill,32.6971654879775,dual skill Gurobi,0.0387985031185010532698004590267387233967378697930347376865081921984236461203723758104918452,available,historically accepted numerical witness; not uniformly revalidated,34.16347439886857,0.003362513402564,0.999901575777589080339031255356392853686095919051080457603924616114185635299730318218078366,49.1310069,0,1,available,36000.0,stop,96.1103072659088027069230796329654130289358049258045719917416423915761989179357942407586521,win,96.1201496881498946730199540973261276603262130206965262313491807801576353879627624189508155,win
ns1856153,three_skills,gurobi_only,34.01697312588408,general skill,[],34.01697312588408,general skill,32.6971654879775,dual skill Gurobi,0.0387985031185010532698004590267387233967378697930347376865081921984236461203723758104918452,available,historically accepted numerical witness; not uniformly revalidated,34.16347439886857,0.003362513402564,0.999901575777589080339031255356392853686095919051080457603924616114185635299730318218078366,49.1310069,0,1,available,36000.0,stop,96.1103072659088027069230796329654130289358049258045719917416423915761989179357942407586521,win,96.1201496881498946730199540973261276603262130206965262313491807801576353879627624189508155,win
ns1856153,primal_dual,all_available,34.01697312588409,primal skill,[],34.01697312588409,primal skill,32.6971654879775,dual skill Gurobi,0.0387985031185013358350637834418308039774162535665526256132568964194569475071283934901372227,available,historically accepted numerical witness; not uniformly revalidated,34.16347439886857,0.003362513402564,0.999901575777589080339031255356392853686095919051080457603924616114185635299730318218078366,49.1310069,0,1,available,36000.0,stop,96.1103072659087744503967471914562049708679665484527831990667719694728687792601924727941143,win,96.1201496881498664164936216558169196022583746433447374386743103580543052492871606509862777,win
ns1856153,primal_dual,gurobi_only,34.01697312588409,primal skill,[],34.01697312588409,primal skill,32.6971654879775,dual skill Gurobi,0.0387985031185013358350637834418308039774162535665526256132568964194569475071283934901372227,available,historically accepted numerical witness; not uniformly revalidated,34.16347439886857,0.003362513402564,0.999901575777589080339031255356392853686095919051080457603924616114185635299730318218078366,49.1310069,0,1,available,36000.0,stop,96.1103072659087744503967471914562049708679665484527831990667719694728687792601924727941143,win,96.1201496881498664164936216558169196022583746433447374386743103580543052492871606509862777,win
dc1l,three_skills,all_available,1758647.6800999984,primal skill,[],1758647.6800999984,primal skill,1748926.03079,dual skill Gurobi,0.00552791182679956548316656940120497365702637185536514855360822113550160522180523177922017428,available,historically accepted numerical witness; not uniformly revalidated,1758647.6800999984,1749186.534225,0.00537978469596618132067185589658465730060893652410856239374084429140789902626208584883370923,1760000.09,1751049.95,0.00508530655813773282250229884931426338733880405653842892701215714142378254082930188941069884,available,36000.0,stop,-0.0148127130833384162494713504620316356417435331256586159867376844093706195543145930386465052,loss,-0.0442605268661832660664270551890710269687567798826719626596063994077822680975929889809475445,loss
dc1l,three_skills,gurobi_only,1758647.6800999984,primal skill,[],1758647.6800999984,primal skill,1748926.03079,dual skill Gurobi,0.00552791182679956548316656940120497365702637185536514855360822113550160522180523177922017428,available,historically accepted numerical witness; not uniformly revalidated,1758647.6800999984,1749186.534225,0.00537978469596618132067185589658465730060893652410856239374084429140789902626208584883370923,1760000.09,1751049.95,0.00508530655813773282250229884931426338733880405653842892701215714142378254082930188941069884,available,36000.0,stop,-0.0148127130833384162494713504620316356417435331256586159867376844093706195543145930386465052,loss,-0.0442605268661832660664270551890710269687567798826719626596063994077822680975929889809475445,loss
dc1l,primal_dual,all_available,1758647.6800999984,primal skill,[],1758647.6800999984,primal skill,1748926.03079,dual skill Gurobi,0.00552791182679956548316656940120497365702637185536514855360822113550160522180523177922017428,available,historically accepted numerical witness; not uniformly revalidated,1758647.6800999984,1749186.534225,0.00537978469596618132067185589658465730060893652410856239374084429140789902626208584883370923,1760000.09,1751049.95,0.00508530655813773282250229884931426338733880405653842892701215714142378254082930188941069884,available,36000.0,stop,-0.0148127130833384162494713504620316356417435331256586159867376844093706195543145930386465052,loss,-0.0442605268661832660664270551890710269687567798826719626596063994077822680975929889809475445,loss
dc1l,primal_dual,gurobi_only,1758647.6800999984,primal skill,[],1758647.6800999984,primal skill,1748926.03079,dual skill Gurobi,0.00552791182679956548316656940120497365702637185536514855360822113550160522180523177922017428,available,historically accepted numerical witness; not uniformly revalidated,1758647.6800999984,1749186.534225,0.00537978469596618132067185589658465730060893652410856239374084429140789902626208584883370923,1760000.09,1751049.95,0.00508530655813773282250229884931426338733880405653842892701215714142378254082930188941069884,available,36000.0,stop,-0.0148127130833384162494713504620316356417435331256586159867376844093706195543145930386465052,loss,-0.0442605268661832660664270551890710269687567798826719626596063994077822680975929889809475445,loss
neos-5221106-oparau,three_skills,all_available,52.07,general skill,[],52.07,general skill,42.54,general skill Gurobi,0.183022853850585749951987708853466487420779719608219704244286537353562512003072786633378145,available,historically accepted numerical witness; not uniformly revalidated,52.669999994631496,0.0,1,,0,,missing,36000.0,stop,81.6977146149414250048012291146533512579220280391780295755713462646437487996927213366621855,win,,NA
neos-5221106-oparau,three_skills,gurobi_only,52.07,general skill,[],52.07,general skill,42.54,general skill Gurobi,0.183022853850585749951987708853466487420779719608219704244286537353562512003072786633378145,available,historically accepted numerical witness; not uniformly revalidated,52.669999994631496,0.0,1,,0,,missing,36000.0,stop,81.6977146149414250048012291146533512579220280391780295755713462646437487996927213366621855,win,,NA
neos-5221106-oparau,primal_dual,all_available,52.66999999999962,primal skill,[],52.66999999999962,primal skill,24.71937119987213,dual skill Gurobi,0.530674554777438611284048137966058248306292521399930821931994151769742437018752088515778757,available,historically accepted numerical witness; not uniformly revalidated,52.669999994631496,0.0,1,,0,,missing,36000.0,stop,46.9325445222561388715951862033941751693707478600069178068005848230257562981247911484221243,win,,NA
neos-5221106-oparau,primal_dual,gurobi_only,52.66999999999962,primal skill,[],52.66999999999962,primal skill,24.71937119987213,dual skill Gurobi,0.530674554777438611284048137966058248306292521399930821931994151769742437018752088515778757,available,historically accepted numerical witness; not uniformly revalidated,52.669999994631496,0.0,1,,0,,missing,36000.0,stop,46.9325445222561388715951862033941751693707478600069178068005848230257562981247911484221243,win,,NA
zeil,three_skills,all_available,1081.3584999996644,primal skill,[],1081.3584999996644,primal skill,833.8312541332446,general skill Gurobi,0.228903962808353215117760190851594101604648037612409316504584487537314349084061874665573546,available,historically accepted numerical witness; not uniformly revalidated,1081.3585000000078,815.3797428765,0.245967232072902632619607494979200299495069546535828717726394179669371197549562498380194092,1363.5585,834.502247,0.387996740147195738209985123483884263124757757001258105171138605347698686928356942514750926,available,36000.0,stop,1.70632692645494175018473041276061978904215089234194012218096921320568484655006237146205462,win,15.9092777338842523092224932632290161520109719388848788666554117810384337844295067849177380,win
zeil,three_skills,gurobi_only,1081.3584999996644,primal skill,[],1081.3584999996644,primal skill,833.8312541332446,general skill Gurobi,0.228903962808353215117760190851594101604648037612409316504584487537314349084061874665573546,available,historically accepted numerical witness; not uniformly revalidated,1081.3585000000078,815.3797428765,0.245967232072902632619607494979200299495069546535828717726394179669371197549562498380194092,1363.5585,834.502247,0.387996740147195738209985123483884263124757757001258105171138605347698686928356942514750926,available,36000.0,stop,1.70632692645494175018473041276061978904215089234194012218096921320568484655006237146205462,win,15.9092777338842523092224932632290161520109719388848788666554117810384337844295067849177380,win
zeil,primal_dual,all_available,1081.3584999996644,primal skill,[],1081.3584999996644,primal skill,820.6945892684043,dual skill COPT terminal,0.241052260403317675996065461557905430593923137481702248241391600726780074342786326082376417,available,historically accepted numerical witness; not uniformly revalidated,1081.3585000000078,815.3797428765,0.245967232072902632619607494979200299495069546535828717726394179669371197549562498380194092,1363.5585,834.502247,0.387996740147195738209985123483884263124757757001258105171138605347698686928356942514750926,available,36000.0,stop,0.491497166958495662354203342129486890114640905412646948500257894259112320677617229781767466,win,14.6944479743878062213919661925978832530834619519555856929747004620918612585570616432374508,win
zeil,primal_dual,gurobi_only,1081.3584999996644,primal skill,[],1081.3584999996644,primal skill,817.284526478749,dual skill Gurobi,0.244205759256525338685372602983804918577475800052133127800352515726921088893533416269842675,available,historically accepted numerical witness; not uniformly revalidated,1081.3585000000078,815.3797428765,0.245967232072902632619607494979200299495069546535828717726394179669371197549562498380194092,1363.5585,834.502247,0.387996740147195738209985123483884263124757757001258105171138605347698686928356942514750926,available,36000.0,stop,0.176147281637729393423489199539538091759374648369558992604166394245010865602908211035141742,win,14.3790980890670399524612520500079344547281956949124977370786089620777598034823526244908251,win
cdma,three_skills,all_available,-24778478399999989.93240,general skill,[],-24778478399999989.93240,general skill,-2.700669263025124e+16,dual skill Gurobi,0.0825060017810304252613895104695509136614197111500100377811672631350956926416479365167163889,available,historically accepted numerical witness; not uniformly revalidated,-22966095679999980,-31763448000000000,0.276964651948365933068727299378833179571688816654917312503352910553035677990626206575558170,,,,missing,0.1,abort,19.4458650167335507807337788909282265910269105504907274722185647417939985348978270058841781,win,,NA
cdma,three_skills,gurobi_only,-24778478399999989.93240,general skill,[],-24778478399999989.93240,general skill,-2.700669263025124e+16,dual skill Gurobi,0.0825060017810304252613895104695509136614197111500100377811672631350956926416479365167163889,available,historically accepted numerical witness; not uniformly revalidated,-22966095679999980,-31763448000000000,0.276964651948365933068727299378833179571688816654917312503352910553035677990626206575558170,,,,missing,0.1,abort,19.4458650167335507807337788909282265910269105504907274722185647417939985348978270058841781,win,,NA
cdma,primal_dual,all_available,-24778478399999984,primal skill,[],-24778478399999984,primal skill,-2.700669263025124e+16,dual skill Gurobi,0.0825060017810306449254587551015101008452620954002258495416381260736834933647055677667795700,available,historically accepted numerical witness; not uniformly revalidated,-22966095679999980,-31763448000000000,0.276964651948365933068727299378833179571688816654917312503352910553035677990626206575558170,,,,missing,0.1,abort,19.4458650167335288143268544277323078726426721254691462961714784479352184625920638808778600,win,,NA
cdma,primal_dual,gurobi_only,-24778478399999984,primal skill,[],-24778478399999984,primal skill,-2.700669263025124e+16,dual skill Gurobi,0.0825060017810306449254587551015101008452620954002258495416381260736834933647055677667795700,available,historically accepted numerical witness; not uniformly revalidated,-22966095679999980,-31763448000000000,0.276964651948365933068727299378833179571688816654917312503352910553035677990626206575558170,,,,missing,0.1,abort,19.4458650167335288143268544277323078726426721254691462961714784479352184625920638808778600,win,,NA
ns1456591,three_skills,all_available,988.1403051801293,primal skill,"[[""988.1403051801293"", ""primal skill""]]",988.14128344,general skill; dual skill exact feasible lift,988.14128344,dual skill Gurobi; general skill Gurobi,0,available,exact closure witness,988.1412834399998,473.415027263,0.520903503176278450035305444515220817339732321875556378632972840294506425216307081267962698,1307.35364,459.574181,0.648469880727910774012148694518493098776242363925341577815165604311928943724821082075390099,available,36000.0,stop,52.0903503176278450035305444515220817339732321875556378632972840294506425216307081267962698,win,64.8469880727910774012148694518493098776242363925341577815165604311928943724821082075390099,win
ns1456591,three_skills,gurobi_only,988.1403051801293,primal skill,"[[""988.1403051801293"", ""primal skill""]]",988.14128344,general skill; dual skill exact feasible lift,988.14128344,dual skill Gurobi; general skill Gurobi,0,available,exact closure witness,988.1412834399998,473.415027263,0.520903503176278450035305444515220817339732321875556378632972840294506425216307081267962698,1307.35364,459.574181,0.648469880727910774012148694518493098776242363925341577815165604311928943724821082075390099,available,36000.0,stop,52.0903503176278450035305444515220817339732321875556378632972840294506425216307081267962698,win,64.8469880727910774012148694518493098776242363925341577815165604311928943724821082075390099,win
ns1456591,primal_dual,all_available,988.1403051801293,primal skill,"[[""988.1403051801293"", ""primal skill""]]",988.14128344,dual skill exact feasible lift,988.14128344,dual skill Gurobi,0,available,exact closure witness,988.1412834399998,473.415027263,0.520903503176278450035305444515220817339732321875556378632972840294506425216307081267962698,1307.35364,459.574181,0.648469880727910774012148694518493098776242363925341577815165604311928943724821082075390099,available,36000.0,stop,52.0903503176278450035305444515220817339732321875556378632972840294506425216307081267962698,win,64.8469880727910774012148694518493098776242363925341577815165604311928943724821082075390099,win
ns1456591,primal_dual,gurobi_only,988.1403051801293,primal skill,"[[""988.1403051801293"", ""primal skill""]]",988.14128344,dual skill exact feasible lift,988.14128344,dual skill Gurobi,0,available,exact closure witness,988.1412834399998,473.415027263,0.520903503176278450035305444515220817339732321875556378632972840294506425216307081267962698,1307.35364,459.574181,0.648469880727910774012148694518493098776242363925341577815165604311928943724821082075390099,available,36000.0,stop,52.0903503176278450035305444515220817339732321875556378632972840294506425216307081267962698,win,64.8469880727910774012148694518493098776242363925341577815165604311928943724821082075390099,win
seqsolve1,three_skills,all_available,4277.0,primal skill,[],4277.0,primal skill; general skill,4275.0,dual skill Gurobi,0.000467617488894084638765489829319616553659106850596212298339957914425999532382511105915361235,available,historically accepted numerical witness; not uniformly revalidated,4279,4272,0.00163589623743865389109605047908389810703435382098621173171301706006076186024772143024071045,4371,4268.52039,0.0234453466026080988332189430336307481125600549073438572409059711736444749485243651338366507,available,36000.0,stop,0.116827874854456925233056064976428155337524697038999943337305914563476232786521032432534922,win,2.29777291137140141944534532043111315589009480567476449425660132592184754161418540279212894,win
seqsolve1,three_skills,gurobi_only,4277.0,primal skill,[],4277.0,primal skill; general skill,4275.0,dual skill Gurobi,0.000467617488894084638765489829319616553659106850596212298339957914425999532382511105915361235,available,historically accepted numerical witness; not uniformly revalidated,4279,4272,0.00163589623743865389109605047908389810703435382098621173171301706006076186024772143024071045,4371,4268.52039,0.0234453466026080988332189430336307481125600549073438572409059711736444749485243651338366507,available,36000.0,stop,0.116827874854456925233056064976428155337524697038999943337305914563476232786521032432534922,win,2.29777291137140141944534532043111315589009480567476449425660132592184754161418540279212894,win
seqsolve1,primal_dual,all_available,4277.0,primal skill,[],4277.0,primal skill,4275.0,dual skill Gurobi,0.000467617488894084638765489829319616553659106850596212298339957914425999532382511105915361235,available,historically accepted numerical witness; not uniformly revalidated,4279,4272,0.00163589623743865389109605047908389810703435382098621173171301706006076186024772143024071045,4371,4268.52039,0.0234453466026080988332189430336307481125600549073438572409059711736444749485243651338366507,available,36000.0,stop,0.116827874854456925233056064976428155337524697038999943337305914563476232786521032432534922,win,2.29777291137140141944534532043111315589009480567476449425660132592184754161418540279212894,win
seqsolve1,primal_dual,gurobi_only,4277.0,primal skill,[],4277.0,primal skill,4275.0,dual skill Gurobi,0.000467617488894084638765489829319616553659106850596212298339957914425999532382511105915361235,available,historically accepted numerical witness; not uniformly revalidated,4279,4272,0.00163589623743865389109605047908389810703435382098621173171301706006076186024772143024071045,4371,4268.52039,0.0234453466026080988332189430336307481125600549073438572409059711736444749485243651338366507,available,36000.0,stop,0.116827874854456925233056064976428155337524697038999943337305914563476232786521032432534922,win,2.29777291137140141944534532043111315589009480567476449425660132592184754161418540279212894,win
stockholm,three_skills,all_available,122.0,primal skill,[],122.0,primal skill; general skill,106.0,dual skill Gurobi,0.131147540983606557377049180327868852459016393442622950819672131147540983606557377049180328,available,historically accepted numerical witness; not uniformly revalidated,129,106,0.178294573643410852713178294573643410852713178294573643410852713178294573643410852713178295,137,93.5364881,0.317251911678832116788321167883211678832116788321167883211678832116788321167883211678832117,available,36000.0,stop,4.71470326598042953361291142457745583936967848519506925911805820307535900368534756639979671,win,18.6104370695225559411271987555342826373100394878544932392006700969247337561325834629651789,win
stockholm,three_skills,gurobi_only,122.0,primal skill,[],122.0,primal skill; general skill,106.0,dual skill Gurobi,0.131147540983606557377049180327868852459016393442622950819672131147540983606557377049180328,available,historically accepted numerical witness; not uniformly revalidated,129,106,0.178294573643410852713178294573643410852713178294573643410852713178294573643410852713178295,137,93.5364881,0.317251911678832116788321167883211678832116788321167883211678832116788321167883211678832117,available,36000.0,stop,4.71470326598042953361291142457745583936967848519506925911805820307535900368534756639979671,win,18.6104370695225559411271987555342826373100394878544932392006700969247337561325834629651789,win
stockholm,primal_dual,all_available,122.0,primal skill,[],122.0,primal skill,106.0,dual skill Gurobi,0.131147540983606557377049180327868852459016393442622950819672131147540983606557377049180328,available,historically accepted numerical witness; not uniformly revalidated,129,106,0.178294573643410852713178294573643410852713178294573643410852713178294573643410852713178295,137,93.5364881,0.317251911678832116788321167883211678832116788321167883211678832116788321167883211678832117,available,36000.0,stop,4.71470326598042953361291142457745583936967848519506925911805820307535900368534756639979671,win,18.6104370695225559411271987555342826373100394878544932392006700969247337561325834629651789,win
stockholm,primal_dual,gurobi_only,122.0,primal skill,[],122.0,primal skill,106.0,dual skill Gurobi,0.131147540983606557377049180327868852459016393442622950819672131147540983606557377049180328,available,historically accepted numerical witness; not uniformly revalidated,129,106,0.178294573643410852713178294573643410852713178294573643410852713178294573643410852713178295,137,93.5364881,0.317251911678832116788321167883211678832116788321167883211678832116788321167883211678832117,available,36000.0,stop,4.71470326598042953361291142457745583936967848519506925911805820307535900368534756639979671,win,18.6104370695225559411271987555342826373100394878544932392006700969247337561325834629651789,win
supportcase22,three_skills,all_available,110.0,primal skill,[],110.0,primal skill; general skill,6.4,dual skill Gurobi; dual skill COPT terminal,0.941818181818181818181818181818181818181818181818181818181818181818181818181818181818181818,available,historically accepted numerical witness; not uniformly revalidated,110,1.4000000000000001,0.987272727272727271818181818181818181818181818181818181818181818181818181818181818181818182,,0.88353308,,missing,36000.0,stop,4.54545454545454536363636363636363636363636363636363636363636363636363636363636363636363638,win,,NA
supportcase22,three_skills,gurobi_only,110.0,primal skill,[],110.0,primal skill; general skill,6.4,dual skill Gurobi,0.941818181818181818181818181818181818181818181818181818181818181818181818181818181818181818,available,historically accepted numerical witness; not uniformly revalidated,110,1.4000000000000001,0.987272727272727271818181818181818181818181818181818181818181818181818181818181818181818182,,0.88353308,,missing,36000.0,stop,4.54545454545454536363636363636363636363636363636363636363636363636363636363636363636363638,win,,NA
supportcase22,primal_dual,all_available,110.0,primal skill,[],110.0,primal skill,6.4,dual skill Gurobi; dual skill COPT terminal,0.941818181818181818181818181818181818181818181818181818181818181818181818181818181818181818,available,historically accepted numerical witness; not uniformly revalidated,110,1.4000000000000001,0.987272727272727271818181818181818181818181818181818181818181818181818181818181818181818182,,0.88353308,,missing,36000.0,stop,4.54545454545454536363636363636363636363636363636363636363636363636363636363636363636363638,win,,NA
supportcase22,primal_dual,gurobi_only,110.0,primal skill,[],110.0,primal skill,6.4,dual skill Gurobi,0.941818181818181818181818181818181818181818181818181818181818181818181818181818181818181818,available,historically accepted numerical witness; not uniformly revalidated,110,1.4000000000000001,0.987272727272727271818181818181818181818181818181818181818181818181818181818181818181818182,,0.88353308,,missing,36000.0,stop,4.54545454545454536363636363636363636363636363636363636363636363636363636363636363636363638,win,,NA
neos-3682128-sandon,three_skills,all_available,34666770.0,primal skill,[],34666770.0,primal skill; general skill; dual skill exact feasible lift,34666770,dual skill Gurobi; general skill Gurobi,0,available,exact closure witness,34666770,21672926.242906883,0.374821298814199217290794613977592951405625617846716033827206861210317546168852765919640047,34666770,21531270.9,0.378907498448802700684257575770687606604249545025394635842912391318833568861477432134577291,available,36000.0,stop,37.4821298814199217290794613977592951405625617846716033827206861210317546168852765919640047,win,37.8907498448802700684257575770687606604249545025394635842912391318833568861477432134577291,win
neos-3682128-sandon,three_skills,gurobi_only,34666770.0,primal skill,[],34666770.0,primal skill; general skill; dual skill exact feasible lift,34666770,dual skill Gurobi; general skill Gurobi,0,available,exact closure witness,34666770,21672926.242906883,0.374821298814199217290794613977592951405625617846716033827206861210317546168852765919640047,34666770,21531270.9,0.378907498448802700684257575770687606604249545025394635842912391318833568861477432134577291,available,36000.0,stop,37.4821298814199217290794613977592951405625617846716033827206861210317546168852765919640047,win,37.8907498448802700684257575770687606604249545025394635842912391318833568861477432134577291,win
neos-3682128-sandon,primal_dual,all_available,34666770.0,primal skill,[],34666770.0,primal skill; dual skill exact feasible lift,34666770,dual skill Gurobi,0,available,exact closure witness,34666770,21672926.242906883,0.374821298814199217290794613977592951405625617846716033827206861210317546168852765919640047,34666770,21531270.9,0.378907498448802700684257575770687606604249545025394635842912391318833568861477432134577291,available,36000.0,stop,37.4821298814199217290794613977592951405625617846716033827206861210317546168852765919640047,win,37.8907498448802700684257575770687606604249545025394635842912391318833568861477432134577291,win
neos-3682128-sandon,primal_dual,gurobi_only,34666770.0,primal skill,[],34666770.0,primal skill; dual skill exact feasible lift,34666770,dual skill Gurobi,0,available,exact closure witness,34666770,21672926.242906883,0.374821298814199217290794613977592951405625617846716033827206861210317546168852765919640047,34666770,21531270.9,0.378907498448802700684257575770687606604249545025394635842912391318833568861477432134577291,available,36000.0,stop,37.4821298814199217290794613977592951405625617846716033827206861210317546168852765919640047,win,37.8907498448802700684257575770687606604249545025394635842912391318833568861477432134577291,win
